store_id,cat_id,item_id,base_price,markdown,opt_price,profit,elasticity
CA_1,HOBBIES,HOBBIES_1_354,22.979999542236328,0.0,22.979999542236328,1668.1604583014648,-1.2
CA_1,FOODS,FOODS_3_252,1.5800000429153442,0.0,1.5800000429153442,644.7419884594958,-1.2
CA_1,HOUSEHOLD,HOUSEHOLD_1_535,6.96999979019165,0.0,6.96999979019165,552.7558567589753,-1.2
CA_1,HOUSEHOLD,HOUSEHOLD_1_096,3.9700000286102295,0.0,3.9700000286102295,476.73814038329624,-1.2
CA_1,FOODS,FOODS_3_652,3.9800000190734863,0.0,3.9800000190734863,304.3183404781703,-1.2
CA_1,FOODS,FOODS_2_293,4.21999979019165,0.0,4.21999979019165,280.5504521619285,-1.2
CA_1,FOODS,FOODS_3_393,3.559999942779541,0.0,3.559999942779541,259.291500715178,-1.2
CA_1,FOODS,FOODS_3_491,1.600000023841858,0.0,1.600000023841858,233.4214634391883,-1.2
CA_1,FOODS,FOODS_3_233,2.559999942779541,0.0,2.559999942779541,211.2080148103829,-1.2
CA_1,HOUSEHOLD,HOUSEHOLD_1_338,3.940000057220459,0.0,3.940000057220459,197.3258843202235,-1.2
CA_1,FOODS,FOODS_3_540,2.9800000190734863,0.0,2.9800000190734863,187.915367673089,-1.2
CA_1,FOODS,FOODS_3_676,6.980000019073486,0.0,6.980000019073486,177.56143491818622,-1.2
CA_1,FOODS,FOODS_3_634,3.9800000190734863,0.0,3.9800000190734863,168.0452495846257,-1.2
CA_1,FOODS,FOODS_3_753,5.440000057220459,0.0,5.440000057220459,165.5473630694294,-1.2
CA_1,HOUSEHOLD,HOUSEHOLD_1_441,2.7699999809265137,0.0,2.7699999809265137,164.62991868909484,-1.2
CA_1,FOODS,FOODS_2_342,5.980000019073486,0.0,5.980000019073486,154.63254335514614,-1.2
CA_1,FOODS,FOODS_3_727,3.9800000190734863,0.0,3.9800000190734863,150.96679020559986,-1.2
CA_1,FOODS,FOODS_3_661,3.2799999713897705,0.0,3.2799999713897705,145.06476533621608,-1.2
CA_1,FOODS,FOODS_3_041,2.9800000190734863,0.0,2.9800000190734863,130.64057305601347,-1.2
CA_1,HOBBIES,HOBBIES_1_339,7.980000019073486,0.0,7.980000019073486,129.69900021844882,-1.2
CA_1,HOUSEHOLD,HOUSEHOLD_1_294,2.2699999809265137,0.0,2.2699999809265137,118.65153532658769,-1.2
CA_1,FOODS,FOODS_3_107,2.4800000190734863,0.0,2.4800000190734863,117.04449510184024,-1.2
CA_1,FOODS,FOODS_3_169,3.9800000190734863,0.0,3.9800000190734863,110.27522075857814,-1.2
CA_1,FOODS,FOODS_3_810,2.559999942779541,0.0,2.559999942779541,102.88089809105769,-1.2
CA_1,FOODS,FOODS_3_618,1.9800000190734863,0.0,1.9800000190734863,102.506740931913,-1.2
CA_1,FOODS,FOODS_2_208,6.980000019073486,0.0,6.980000019073486,98.13690871543368,-1.2
CA_1,FOODS,FOODS_3_632,3.9800000190734863,0.0,3.9800000190734863,91.95990422640807,-1.2
CA_1,FOODS,FOODS_1_183,2.9800000190734863,0.0,2.9800000190734863,90.67884487207685,-1.2
CA_1,FOODS,FOODS_3_423,2.9800000190734863,0.0,2.9800000190734863,80.09048342277529,-1.2
CA_1,FOODS,FOODS_3_530,1.6799999475479126,0.0,1.6799999475479126,77.4290265742503,-1.2
CA_1,HOUSEHOLD,HOUSEHOLD_1_498,3.2799999713897705,0.0,3.2799999713897705,75.27778358410234,-1.2
CA_1,FOODS,FOODS_3_683,2.559999942779541,0.0,2.559999942779541,72.40192123325342,-1.2
CA_1,FOODS,FOODS_2_396,2.9800000190734863,0.0,2.9800000190734863,70.13387256498063,-1.2
CA_1,FOODS,FOODS_3_771,2.559999942779541,0.0,2.559999942779541,64.93637354855892,-1.2
CA_1,FOODS,FOODS_3_793,2.9800000190734863,0.0,2.9800000190734863,64.07812327008679,-1.2
CA_1,FOODS,FOODS_3_738,1.600000023841858,0.0,1.600000023841858,62.320850538028026,-1.2
CA_1,HOUSEHOLD,HOUSEHOLD_1_202,1.9800000190734863,0.0,1.9800000190734863,62.0595009411465,-1.2
CA_1,FOODS,FOODS_3_273,2.240000009536743,0.0,2.240000009536743,58.81100012831603,-1.2
CA_1,FOODS,FOODS_2_119,2.6700000762939453,0.0,2.6700000762939453,58.79396309053118,-1.2
CA_1,HOUSEHOLD,HOUSEHOLD_2_346,3.3299999237060547,0.0,3.3299999237060547,58.6010393506691,-1.2
CA_1,FOODS,FOODS_3_011,1.9800000190734863,0.0,1.9800000190734863,53.62138308489811,-1.2
CA_1,HOUSEHOLD,HOUSEHOLD_1_059,3.119999885559082,0.0,3.119999885559082,52.67025681135256,-1.2
CA_1,FOODS,FOODS_3_317,0.9399999976158142,0.0,0.9399999976158142,51.760727087343696,-1.2
CA_1,HOUSEHOLD,HOUSEHOLD_1_145,2.240000009536743,0.0,2.240000009536743,51.34207700081416,-1.2
CA_1,HOUSEHOLD,HOUSEHOLD_1_262,0.9700000286102295,0.0,0.9700000286102295,48.94362295696283,-1.2
CA_1,HOUSEHOLD,HOUSEHOLD_1_173,0.9700000286102295,0.0,0.9700000286102295,46.79386202166825,-1.2
CA_1,HOUSEHOLD,HOUSEHOLD_1_425,1.9700000286102295,0.0,1.9700000286102295,43.904591211889105,-1.2
CA_1,HOBBIES,HOBBIES_1_353,1.0800000429153442,0.0,1.0800000429153442,42.03492423196326,-1.2
CA_1,FOODS,FOODS_2_327,2.0,0.0,2.0,39.820155715942384,-1.2
CA_1,FOODS,FOODS_3_650,2.9800000190734863,0.0,2.9800000190734863,39.76342831694474,-1.2
CA_1,FOODS,FOODS_1_054,1.9800000190734863,0.0,1.9800000190734863,39.00779461480915,-1.2
CA_1,HOBBIES,HOBBIES_1_288,0.5699999928474426,0.0,0.5699999928474426,36.30052164684444,-1.2
CA_1,HOBBIES,HOBBIES_1_178,0.47999998927116394,0.0,0.47999998927116394,35.80866753457483,-1.2
CA_1,HOBBIES,HOBBIES_1_286,0.699999988079071,0.0,0.699999988079071,28.717574546037827,-1.2
CA_1,HOUSEHOLD,HOUSEHOLD_1_114,0.9700000286102295,0.0,0.9700000286102295,24.427335505947667,-1.2
CA_1,FOODS,FOODS_3_118,1.1799999475479126,0.0,1.1799999475479126,24.157981325142234,-1.2
CA_1,FOODS,FOODS_3_752,0.25,0.0,0.25,18.531107711791993,-1.2
CA_2,FOODS,FOODS_3_120,4.980000019073486,0.0,4.980000019073486,943.752587721034,-1.2
CA_2,HOBBIES,HOBBIES_1_354,22.979999542236328,0.0,22.979999542236328,642.5102116884431,-1.2
CA_2,FOODS,FOODS_3_586,1.6799999475479126,0.0,1.6799999475479126,642.1661064154665,-1.2
CA_2,FOODS,FOODS_3_288,1.5,0.0,1.5,472.24823455810554,-1.2
CA_2,FOODS,FOODS_2_347,2.240000009536743,0.0,2.240000009536743,248.45777888983395,-1.2
CA_2,FOODS,FOODS_3_652,3.9800000190734863,0.0,3.9800000190734863,240.58910030459447,-1.2
CA_2,HOUSEHOLD,HOUSEHOLD_2_294,4.769999980926514,0.0,4.769999980926514,221.13635044937473,-1.2
CA_2,HOUSEHOLD,HOUSEHOLD_1_096,3.9700000286102295,0.0,3.9700000286102295,215.56552535720695,-1.2
CA_2,FOODS,FOODS_3_607,2.4800000190734863,0.0,2.4800000190734863,211.33780356630052,-1.2
CA_2,FOODS,FOODS_3_064,1.1799999475479126,0.0,1.1799999475479126,199.33740050206143,-1.2
CA_2,FOODS,FOODS_2_131,5.980000019073486,0.0,5.980000019073486,192.83886348433117,-1.2
CA_2,FOODS,FOODS_3_389,1.6799999475479126,0.0,1.6799999475479126,179.32493910335816,-1.2
CA_2,HOUSEHOLD,HOUSEHOLD_1_051,2.9600000381469727,0.0,2.9600000381469727,178.39521549486744,-1.2
CA_2,FOODS,FOODS_3_592,6.980000019073486,0.0,6.980000019073486,176.62805056199795,-1.2
CA_2,FOODS,FOODS_3_469,6.239999771118164,0.0,6.239999771118164,171.83309867766803,-1.2
CA_2,FOODS,FOODS_3_228,1.6799999475479126,0.0,1.6799999475479126,138.4426917835711,-1.2
CA_2,HOUSEHOLD,HOUSEHOLD_1_294,2.2699999809265137,0.0,2.2699999809265137,134.22121843856257,-1.2
CA_2,FOODS,FOODS_3_526,1.9800000190734863,0.0,1.9800000190734863,126.8779848953207,-1.2
CA_2,FOODS,FOODS_3_681,1.0,0.0,1.0,122.31247100830079,-1.2
CA_2,FOODS,FOODS_2_282,6.71999979019165,0.0,6.71999979019165,117.81023216163376,-1.2
CA_2,FOODS,FOODS_2_346,2.380000114440918,0.0,2.380000114440918,115.76485104072856,-1.2
CA_2,HOUSEHOLD,HOUSEHOLD_2_490,3.4800000190734863,0.0,3.4800000190734863,111.07894850004652,-1.2
CA_2,HOUSEHOLD,HOUSEHOLD_2_375,6.769999980926514,0.0,6.769999980926514,104.87509616487213,-1.2
CA_2,FOODS,FOODS_3_299,1.5,0.0,1.5,96.40497550964356,-1.2
CA_2,HOUSEHOLD,HOUSEHOLD_1_539,3.9700000286102295,0.0,3.9700000286102295,89.88670603489365,-1.2
CA_2,FOODS,FOODS_3_473,4.179999828338623,0.0,4.179999828338623,87.814497530474,-1.2
CA_2,FOODS,FOODS_3_598,1.9800000190734863,0.0,1.9800000190734863,85.53602348327658,-1.2
CA_2,FOODS,FOODS_2_326,1.0,0.0,1.0,83.32871627807617,-1.2
CA_2,HOUSEHOLD,HOUSEHOLD_1_079,4.46999979019165,0.0,4.46999979019165,78.75803063942496,-1.2
CA_2,FOODS,FOODS_1_161,0.9800000190734863,0.0,0.9800000190734863,78.73954650013876,-1.2
CA_2,HOBBIES,HOBBIES_1_387,1.0800000429153442,0.0,1.0800000429153442,76.81115344282588,-1.2
CA_2,FOODS,FOODS_3_115,4.679999828338623,0.0,4.679999828338623,76.73711421258204,-1.2
CA_2,FOODS,FOODS_3_741,1.350000023841858,0.0,1.350000023841858,75.10916686144874,-1.2
CA_2,FOODS,FOODS_3_367,2.680000066757202,0.0,2.680000066757202,71.2562847339359,-1.2
CA_2,HOUSEHOLD,HOUSEHOLD_1_234,0.9700000286102295,0.0,0.9700000286102295,70.87357989498742,-1.2
CA_2,FOODS,FOODS_3_570,1.7799999713897705,0.0,1.7799999713897705,70.7526542201419,-1.2
CA_2,FOODS,FOODS_3_059,1.9800000190734863,0.0,1.9800000190734863,69.80840969193977,-1.2
CA_2,FOODS,FOODS_1_090,3.5399999618530273,0.0,3.5399999618530273,69.09012053997104,-1.2
CA_2,HOUSEHOLD,HOUSEHOLD_1_226,2.880000114440918,0.0,2.880000114440918,67.82906189938622,-1.2
CA_2,HOUSEHOLD,HOUSEHOLD_1_322,2.9700000286102295,0.0,2.9700000286102295,66.67153938813199,-1.2
CA_2,HOUSEHOLD,HOUSEHOLD_1_521,0.9800000190734863,0.0,0.9800000190734863,66.60106433029688,-1.2
CA_2,FOODS,FOODS_2_079,3.940000057220459,0.0,3.940000057220459,64.74695577048706,-1.2
CA_2,FOODS,FOODS_3_782,2.5,0.0,2.5,64.35373592376709,-1.2
CA_2,FOODS,FOODS_3_030,1.4800000190734863,0.0,1.4800000190734863,62.79909484923974,-1.2
CA_2,FOODS,FOODS_2_361,3.940000057220459,0.0,3.940000057220459,62.00645204568929,-1.2
CA_2,FOODS,FOODS_3_654,1.6799999475479126,0.0,1.6799999475479126,61.5126926900783,-1.2
CA_2,FOODS,FOODS_3_227,2.680000066757202,0.0,2.680000066757202,55.9060988428439,-1.2
CA_2,HOUSEHOLD,HOUSEHOLD_1_430,0.9800000190734863,0.0,0.9800000190734863,55.54253811409108,-1.2
CA_2,FOODS,FOODS_3_238,3.2699999809265137,0.0,3.2699999809265137,53.070629372986794,-1.2
CA_2,FOODS,FOODS_2_026,2.4800000190734863,0.0,2.4800000190734863,49.688990570752786,-1.2
CA_2,HOUSEHOLD,HOUSEHOLD_1_339,0.9700000286102295,0.0,0.9700000286102295,48.060247412108765,-1.2
CA_2,FOODS,FOODS_3_606,2.880000114440918,0.0,2.880000114440918,47.232171615607335,-1.2
CA_2,HOUSEHOLD,HOUSEHOLD_1_298,3.7200000286102295,0.0,3.7200000286102295,46.06278001735118,-1.2
CA_2,FOODS,FOODS_3_406,0.800000011920929,0.0,0.800000011920929,44.442058157355454,-1.2
CA_2,FOODS,FOODS_1_013,1.5,0.0,1.5,44.08330936431886,-1.2
CA_2,FOODS,FOODS_2_150,2.9600000381469727,0.0,2.9600000381469727,43.33849079289939,-1.2
CA_2,HOUSEHOLD,HOUSEHOLD_1_238,2.4800000190734863,0.0,2.4800000190734863,42.55596648330048,-1.2
CA_2,FOODS,FOODS_3_113,1.2799999713897705,0.0,1.2799999713897705,40.52490290279157,-1.2
CA_2,FOODS,FOODS_3_106,1.0,0.0,1.0,37.10385856628418,-1.2
CA_2,HOBBIES,HOBBIES_1_048,0.47999998927116394,0.0,0.47999998927116394,34.49132772026967,-1.2
CA_2,FOODS,FOODS_2_107,2.0,0.0,2.0,32.15686950683594,-1.2
CA_2,FOODS,FOODS_1_040,1.7799999713897705,0.0,1.7799999713897705,31.18905820306941,-1.2
CA_2,HOBBIES,HOBBIES_1_370,0.47999998927116394,0.0,0.47999998927116394,28.30659201866554,-1.2
CA_2,HOBBIES,HOBBIES_1_016,0.699999988079071,0.0,0.699999988079071,28.161253411407916,-1.2
CA_2,HOBBIES,HOBBIES_1_178,0.47999998927116394,0.0,0.47999998927116394,19.702057543023127,-1.2
CA_3,FOODS,FOODS_3_282,2.559999942779541,0.0,2.559999942779541,1724.7713051983565,-1.2
CA_3,HOUSEHOLD,HOUSEHOLD_1_110,3.9700000286102295,0.0,3.9700000286102295,894.7658345427081,-1.2
CA_3,FOODS,FOODS_3_723,1.600000023841858,0.0,1.600000023841858,437.3137955789833,-1.2
CA_3,FOODS,FOODS_3_307,3.9800000190734863,0.0,3.9800000190734863,385.42356379776174,-1.2
CA_3,FOODS,FOODS_3_772,5.440000057220459,0.0,5.440000057220459,371.70248877302146,-1.2
CA_3,FOODS,FOODS_1_187,9.9399995803833,0.0,9.9399995803833,253.9567968964111,-1.2
CA_3,FOODS,FOODS_1_023,5.639999866485596,0.0,5.639999866485596,242.61760947568598,-1.2
CA_3,FOODS,FOODS_3_399,3.559999942779541,0.0,3.559999942779541,234.46255174291986,-1.2
CA_3,FOODS,FOODS_3_635,0.8799999952316284,0.0,0.8799999952316284,229.23937571096758,-1.2
CA_3,HOUSEHOLD,HOUSEHOLD_1_130,6.420000076293945,0.0,6.420000076293945,228.5748228304714,-1.2
CA_3,HOUSEHOLD,HOUSEHOLD_1_459,0.9700000286102295,0.0,0.9700000286102295,211.77042519149836,-1.2
CA_3,FOODS,FOODS_3_636,3.559999942779541,0.0,3.559999942779541,205.21071731318702,-1.2
CA_3,FOODS,FOODS_3_534,4.880000114440918,0.0,4.880000114440918,204.98658805909508,-1.2
CA_3,FOODS,FOODS_3_300,3.9800000190734863,0.0,3.9800000190734863,191.90152249558378,-1.2
CA_3,HOUSEHOLD,HOUSEHOLD_1_259,7.480000019073486,0.0,7.480000019073486,187.847512579218,-1.2
CA_3,HOUSEHOLD,HOUSEHOLD_1_387,2.880000114440918,0.0,2.880000114440918,186.09039484573952,-1.2
CA_3,HOUSEHOLD,HOUSEHOLD_1_418,0.9700000286102295,0.0,0.9700000286102295,178.10468085135653,-1.2
CA_3,HOUSEHOLD,HOUSEHOLD_1_214,1.8700000047683716,0.0,1.8700000047683716,164.33910210362376,-1.2
CA_3,FOODS,FOODS_3_570,1.7799999713897705,0.0,1.7799999713897705,156.3185743459866,-1.2
CA_3,HOUSEHOLD,HOUSEHOLD_1_521,0.9800000190734863,0.0,0.9800000190734863,154.77141527423885,-1.2
CA_3,HOUSEHOLD,HOUSEHOLD_1_086,5.269999980926514,0.0,5.269999980926514,153.58571041596608,-1.2
CA_3,HOUSEHOLD,HOUSEHOLD_1_212,4.46999979019165,0.0,4.46999979019165,149.01506102173337,-1.2
CA_3,FOODS,FOODS_2_346,2.380000114440918,0.0,2.380000114440918,146.52663396825523,-1.2
CA_3,FOODS,FOODS_3_041,2.9800000190734863,0.0,2.9800000190734863,138.22446075409027,-1.2
CA_3,FOODS,FOODS_1_218,0.9800000190734863,0.0,0.9800000190734863,131.8741445954409,-1.2
CA_3,FOODS,FOODS_3_654,1.6799999475479126,0.0,1.6799999475479126,128.12370303103816,-1.2
CA_3,HOUSEHOLD,HOUSEHOLD_2_483,4.96999979019165,0.0,4.96999979019165,127.72434016247371,-1.2
CA_3,HOUSEHOLD,HOUSEHOLD_1_277,0.9700000286102295,0.0,0.9700000286102295,126.49549897025281,-1.2
CA_3,HOUSEHOLD,HOUSEHOLD_1_038,5.21999979019165,0.0,5.21999979019165,124.84961340535993,-1.2
CA_3,FOODS,FOODS_3_327,3.2799999713897705,0.0,3.2799999713897705,113.93235127061445,-1.2
CA_3,HOBBIES,HOBBIES_1_148,4.880000114440918,0.0,4.880000114440918,112.57208665482139,-1.2
CA_3,HOUSEHOLD,HOUSEHOLD_1_094,3.4800000190734863,0.0,3.4800000190734863,112.43371703164178,-1.2
CA_3,FOODS,FOODS_1_183,2.9800000190734863,0.0,2.9800000190734863,101.46383512207541,-1.2
CA_3,FOODS,FOODS_3_125,4.980000019073486,0.0,4.980000019073486,98.65163013857963,-1.2
CA_3,FOODS,FOODS_2_175,2.4800000190734863,0.0,2.4800000190734863,98.29043816439136,-1.2
CA_3,HOBBIES,HOBBIES_1_413,4.860000133514404,0.0,4.860000133514404,97.88631565453562,-1.2
CA_3,FOODS,FOODS_3_348,0.800000011920929,0.0,0.800000011920929,95.18423603749625,-1.2
CA_3,FOODS,FOODS_3_588,3.940000057220459,0.0,3.940000057220459,86.86235085942927,-1.2
CA_3,FOODS,FOODS_1_024,4.860000133514404,0.0,4.860000133514404,84.71114421104303,-1.2
CA_3,FOODS,FOODS_2_024,2.5,0.0,2.5,84.68531608581543,-1.2
CA_3,FOODS,FOODS_1_037,3.4800000190734863,0.0,3.4800000190734863,83.35978404148028,-1.2
CA_3,FOODS,FOODS_3_738,1.600000023841858,0.0,1.600000023841858,83.17263917882201,-1.2
CA_3,FOODS,FOODS_3_446,1.1799999475479126,0.0,1.1799999475479126,83.09957783385698,-1.2
CA_3,FOODS,FOODS_2_289,2.5,0.0,2.5,78.76939296722412,-1.2
CA_3,FOODS,FOODS_3_321,1.4800000190734863,0.0,1.4800000190734863,76.16809280900816,-1.2
CA_3,FOODS,FOODS_2_364,2.740000009536743,0.0,2.740000009536743,74.69460736141973,-1.2
CA_3,FOODS,FOODS_2_299,2.240000009536743,0.0,2.240000009536743,73.67542414179626,-1.2
CA_3,HOUSEHOLD,HOUSEHOLD_1_439,0.9800000190734863,0.0,0.9800000190734863,71.54856831758008,-1.2
CA_3,FOODS,FOODS_2_049,2.6700000762939453,0.0,2.6700000762939453,69.65709099111918,-1.2
CA_3,HOUSEHOLD,HOUSEHOLD_2_346,3.3299999237060547,0.0,3.3299999237060547,67.78803029008742,-1.2
CA_3,FOODS,FOODS_3_573,1.0,0.0,1.0,67.73400955200195,-1.2
CA_3,FOODS,FOODS_3_706,1.9800000190734863,0.0,1.9800000190734863,65.08663866561965,-1.2
CA_3,FOODS,FOODS_3_183,3.0,0.0,3.0,63.7441411972046,-1.2
CA_3,FOODS,FOODS_2_361,3.940000057220459,0.0,3.940000057220459,61.05346573424168,-1.2
CA_3,HOBBIES,HOBBIES_1_014,1.159999966621399,0.0,1.159999966621399,60.646155328902296,-1.2
CA_3,FOODS,FOODS_2_061,2.0,0.0,2.0,59.41065216064453,-1.2
CA_3,HOUSEHOLD,HOUSEHOLD_2_374,2.9800000190734863,0.0,2.9800000190734863,59.32653379265276,-1.2
CA_3,FOODS,FOODS_3_435,1.4800000190734863,0.0,1.4800000190734863,57.50956041827794,-1.2
CA_3,FOODS,FOODS_3_129,2.680000066757202,0.0,2.680000066757202,57.30212458104825,-1.2
CA_3,HOBBIES,HOBBIES_1_023,2.9700000286102295,0.0,2.9700000286102295,56.090452036447736,-1.2
CA_3,FOODS,FOODS_3_497,2.5,0.0,2.5,54.72663974761963,-1.2
CA_3,HOUSEHOLD,HOUSEHOLD_1_238,2.4800000190734863,0.0,2.4800000190734863,52.65578084625568,-1.2
CA_3,FOODS,FOODS_1_086,1.8300000429153442,0.0,1.8300000429153442,52.46196588711579,-1.2
CA_3,HOUSEHOLD,HOUSEHOLD_2_389,1.9700000286102295,0.0,1.9700000286102295,51.06795143669561,-1.2
CA_3,FOODS,FOODS_3_603,1.0,0.0,1.0,50.68769149780274,-1.2
CA_3,HOBBIES,HOBBIES_1_048,0.47999998927116394,0.0,0.47999998927116394,49.134805298235875,-1.2
CA_3,FOODS,FOODS_1_035,2.680000066757202,0.0,2.680000066757202,47.30032505365011,-1.2
CA_3,FOODS,FOODS_3_650,2.9800000190734863,0.0,2.9800000190734863,43.83525587672839,-1.2
CA_3,FOODS,FOODS_3_294,2.4800000190734863,0.0,2.4800000190734863,41.959348925001,-1.2
CA_3,HOBBIES,HOBBIES_1_371,0.47999998927116394,0.0,0.47999998927116394,41.67784440534163,-1.2
CA_3,FOODS,FOODS_3_621,1.5,0.0,1.5,38.97205352783204,-1.2
CA_3,HOUSEHOLD,HOUSEHOLD_1_247,0.9700000286102295,0.0,0.9700000286102295,37.933013295350975,-1.2
CA_3,FOODS,FOODS_3_692,0.800000011920929,0.0,0.800000011920929,37.91510920755727,-1.2
CA_3,HOBBIES,HOBBIES_1_189,0.47999998927116394,0.0,0.47999998927116394,26.26763613162257,-1.2
CA_3,FOODS,FOODS_2_221,1.0,0.0,1.0,26.231812667846683,-1.2
CA_3,FOODS,FOODS_3_580,0.25,0.0,0.25,23.17424201965332,-1.2
CA_4,FOODS,FOODS_1_012,5.639999866485596,0.0,5.639999866485596,315.28284718115793,-1.2
CA_4,FOODS,FOODS_3_124,5.440000057220459,0.0,5.440000057220459,253.74722386043794,-1.2
CA_4,FOODS,FOODS_3_540,2.9800000190734863,0.0,2.9800000190734863,161.2221366367605,-1.2
CA_4,FOODS,FOODS_3_134,6.980000019073486,0.0,6.980000019073486,132.28267611983628,-1.2
CA_4,FOODS,FOODS_2_019,3.4200000762939453,0.0,3.4200000762939453,124.90708794575039,-1.2
CA_4,FOODS,FOODS_2_241,2.380000114440918,0.0,2.380000114440918,105.09773871902982,-1.2
CA_4,FOODS,FOODS_3_661,3.2799999713897705,0.0,3.2799999713897705,97.77097921920132,-1.2
CA_4,FOODS,FOODS_3_795,2.9800000190734863,0.0,2.9800000190734863,92.81667181294506,-1.2
CA_4,FOODS,FOODS_3_233,2.559999942779541,0.0,2.559999942779541,92.32028406929331,-1.2
CA_4,HOUSEHOLD,HOUSEHOLD_2_110,3.1700000762939453,0.0,3.1700000762939453,79.81793405373828,-1.2
CA_4,FOODS,FOODS_2_315,2.5,0.0,2.5,79.1391544342041,-1.2
CA_4,FOODS,FOODS_3_505,3.619999885559082,0.0,3.619999885559082,75.11248296936355,-1.2
CA_4,FOODS,FOODS_3_561,2.9800000190734863,0.0,2.9800000190734863,73.0684957450796,-1.2
CA_4,FOODS,FOODS_3_227,2.5,0.0,2.5,58.34433937072754,-1.2
CA_4,FOODS,FOODS_2_360,0.9399999976158142,0.0,0.9399999976158142,55.956375682048666,-1.2
CA_4,HOBBIES,HOBBIES_1_048,0.47999998927116394,0.0,0.47999998927116394,46.03150165666262,-1.2
CA_4,FOODS,FOODS_3_590,2.680000066757202,0.0,2.680000066757202,45.30833810370132,-1.2
CA_4,FOODS,FOODS_3_746,1.9800000190734863,0.0,1.9800000190734863,43.260932000140286,-1.2
CA_4,HOUSEHOLD,HOUSEHOLD_1_306,1.9700000286102295,0.0,1.9700000286102295,35.10763748610885,-1.2
CA_4,FOODS,FOODS_3_603,1.0,0.0,1.0,30.87543296813965,-1.2
CA_4,FOODS,FOODS_3_133,0.800000011920929,0.0,0.800000011920929,28.77023541406147,-1.2
CA_4,HOBBIES,HOBBIES_1_295,0.47999998927116394,0.0,0.47999998927116394,27.8976457387437,-1.2
CA_4,HOBBIES,HOBBIES_1_288,0.5699999928474426,0.0,0.5699999928474426,26.49691533218038,-1.2
CA_4,HOBBIES,HOBBIES_1_043,0.699999988079071,0.0,0.699999988079071,26.353241967588794,-1.2
CA_4,FOODS,FOODS_3_176,1.5,0.0,1.5,25.996291923522953,-1.2
CA_4,HOBBIES,HOBBIES_1_008,0.47999998927116394,0.0,0.47999998927116394,24.447134585399887,-1.2
CA_4,HOBBIES,HOBBIES_1_019,0.47999998927116394,0.0,0.47999998927116394,23.67244942205139,-1.2
CA_4,HOBBIES,HOBBIES_1_417,0.5699999928474426,0.0,0.5699999928474426,23.667229054059113,-1.2
CA_4,HOUSEHOLD,HOUSEHOLD_1_254,0.9700000286102295,0.0,0.9700000286102295,23.235891779552276,-1.2
CA_4,HOBBIES,HOBBIES_1_178,0.47999998927116394,0.0,0.47999998927116394,23.04987326409205,-1.2
CA_4,HOBBIES,HOBBIES_1_369,1.0800000429153442,0.0,1.0800000429153442,21.205882457331086,-1.2
CA_4,HOBBIES,HOBBIES_1_056,0.9399999976158142,0.0,0.9399999976158142,15.94888691480899,-1.2
CA_4,FOODS,FOODS_3_711,0.25,0.0,0.25,8.551902008056642,-1.2
CA_4,FOODS,FOODS_3_234,0.25,0.0,0.25,8.52224645614624,-1.2
CA_4,FOODS,FOODS_3_007,0.25,0.0,0.25,4.589942836761475,-1.2
TX_1,FOODS,FOODS_3_607,2.4800000190734863,0.0,2.4800000190734863,529.544690840265,-1.2
TX_1,FOODS,FOODS_3_252,1.5800000429153442,0.0,1.5800000429153442,523.7616918385153,-1.2
TX_1,FOODS,FOODS_1_012,6.269999980926514,0.0,6.269999980926514,423.5512566537469,-1.2
TX_1,FOODS,FOODS_1_096,6.380000114440918,0.0,6.380000114440918,408.50990520054984,-1.2
TX_1,FOODS,FOODS_3_499,2.559999942779541,0.0,2.559999942779541,305.32498145670473,-1.2
TX_1,FOODS,FOODS_3_377,1.6799999475479126,0.0,1.6799999475479126,260.10972686434053,-1.2
TX_1,FOODS,FOODS_3_389,1.6799999475479126,0.0,1.6799999475479126,228.30428962493153,-1.2
TX_1,HOUSEHOLD,HOUSEHOLD_1_140,14.970000267028809,0.0,14.970000267028809,219.83636754401763,-1.2
TX_1,FOODS,FOODS_3_393,3.559999942779541,0.0,3.559999942779541,186.06483706672265,-1.2
TX_1,FOODS,FOODS_3_697,3.0,0.0,3.0,180.2223197937012,-1.2
TX_1,FOODS,FOODS_3_231,5.440000057220459,0.0,5.440000057220459,174.75323047583132,-1.2
TX_1,FOODS,FOODS_3_572,2.5,0.0,2.5,170.3201198577881,-1.2
TX_1,HOUSEHOLD,HOUSEHOLD_1_416,3.4700000286102295,0.0,3.4700000286102295,153.51876109242585,-1.2
TX_1,FOODS,FOODS_3_458,1.9800000190734863,0.0,1.9800000190734863,152.17414531050926,-1.2
TX_1,HOUSEHOLD,HOUSEHOLD_1_142,6.269999980926514,0.0,6.269999980926514,141.03516628086763,-1.2
TX_1,FOODS,FOODS_2_285,3.9800000190734863,0.0,3.9800000190734863,137.21923666529074,-1.2
TX_1,HOUSEHOLD,HOUSEHOLD_2_176,4.96999979019165,0.0,4.96999979019165,127.11866314794224,-1.2
TX_1,FOODS,FOODS_3_661,3.2799999713897705,0.0,3.2799999713897705,113.03573903478292,-1.2
TX_1,FOODS,FOODS_3_795,2.9800000190734863,0.0,2.9800000190734863,111.66131029262998,-1.2
TX_1,FOODS,FOODS_2_184,3.9800000190734863,0.0,3.9800000190734863,103.22172347898686,-1.2
TX_1,FOODS,FOODS_3_304,4.480000019073486,0.0,4.480000019073486,91.94870974205524,-1.2
TX_1,HOUSEHOLD,HOUSEHOLD_1_202,1.9800000190734863,0.0,1.9800000190734863,78.17275037157414,-1.2
TX_1,HOUSEHOLD,HOUSEHOLD_1_430,0.9399999976158142,0.0,0.9399999976158142,76.04189189697355,-1.2
TX_1,HOUSEHOLD,HOUSEHOLD_1_516,1.8700000047683716,0.0,1.8700000047683716,73.67350965975571,-1.2
TX_1,FOODS,FOODS_3_321,1.4800000190734863,0.0,1.4800000190734863,73.00341280606517,-1.2
TX_1,FOODS,FOODS_3_183,3.0,0.0,3.0,52.25199165344239,-1.2
TX_1,HOUSEHOLD,HOUSEHOLD_1_283,1.4800000190734863,0.0,1.4800000190734863,50.95053234912939,-1.2
TX_1,FOODS,FOODS_3_346,1.9800000190734863,0.0,1.9800000190734863,49.23634665807421,-1.2
TX_1,FOODS,FOODS_3_525,2.0,0.0,2.0,48.756864929199224,-1.2
TX_1,HOUSEHOLD,HOUSEHOLD_1_393,1.9800000190734863,0.0,1.9800000190734863,44.71885074968868,-1.2
TX_1,HOUSEHOLD,HOUSEHOLD_1_474,0.9700000286102295,0.0,0.9700000286102295,41.93397812359535,-1.2
TX_1,HOUSEHOLD,HOUSEHOLD_1_361,1.8799999952316284,0.0,1.8799999952316284,41.28565195674681,-1.2
TX_1,FOODS,FOODS_3_118,1.1799999475479126,0.0,1.1799999475479126,38.45252852604012,-1.2
TX_1,HOUSEHOLD,HOUSEHOLD_1_462,1.8700000047683716,0.0,1.8700000047683716,37.12224719930396,-1.2
TX_1,HOUSEHOLD,HOUSEHOLD_1_028,2.9700000286102295,0.0,2.9700000286102295,33.22360699900817,-1.2
TX_1,FOODS,FOODS_3_602,2.680000066757202,0.0,2.680000066757202,25.9929512662128,-1.2
TX_1,HOBBIES,HOBBIES_1_398,0.5699999928474426,0.0,0.5699999928474426,25.869620929346322,-1.2
TX_1,HOBBIES,HOBBIES_1_178,0.47999998927116394,0.0,0.47999998927116394,14.555902811857244,-1.2
TX_2,FOODS,FOODS_1_012,6.269999980926514,0.0,6.269999980926514,606.5722413341144,-1.2
TX_2,FOODS,FOODS_2_368,7.869999885559082,0.0,7.869999885559082,479.3052691074947,-1.2
TX_2,FOODS,FOODS_3_540,2.9800000190734863,0.0,2.9800000190734863,261.1272329488104,-1.2
TX_2,HOUSEHOLD,HOUSEHOLD_1_447,0.9599999785423279,0.0,0.9599999785423279,155.7356786479425,-1.2
TX_2,HOUSEHOLD,HOUSEHOLD_1_304,2.359999895095825,0.0,2.359999895095825,151.49124927803695,-1.2
TX_2,HOBBIES,HOBBIES_1_323,4.619999885559082,0.0,4.619999885559082,148.83220609877426,-1.2
TX_2,FOODS,FOODS_3_702,3.0,0.0,3.0,141.05534591674808,-1.2
TX_2,FOODS,FOODS_3_126,3.7799999713897705,0.0,3.7799999713897705,129.81499335643983,-1.2
TX_2,FOODS,FOODS_3_739,1.5,0.0,1.5,116.39938774108889,-1.2
TX_2,FOODS,FOODS_3_121,2.9800000190734863,0.0,2.9800000190734863,107.9311004069994,-1.2
TX_2,FOODS,FOODS_3_570,1.7799999713897705,0.0,1.7799999713897705,101.89776276647754,-1.2
TX_2,FOODS,FOODS_3_407,2.9800000190734863,0.0,2.9800000190734863,83.20375950471353,-1.2
TX_2,HOBBIES,HOBBIES_1_416,4.46999979019165,0.0,4.46999979019165,81.29171912485609,-1.2
TX_2,FOODS,FOODS_3_461,1.6799999475479126,0.0,1.6799999475479126,75.43266543052496,-1.2
TX_2,HOUSEHOLD,HOUSEHOLD_1_202,1.9800000190734863,0.0,1.9800000190734863,74.07168787021529,-1.2
TX_2,FOODS,FOODS_2_222,2.4700000286102295,0.0,2.4700000286102295,69.18167398096394,-1.2
TX_2,FOODS,FOODS_3_668,1.6799999475479126,0.0,1.6799999475479126,69.0854310095544,-1.2
TX_2,HOUSEHOLD,HOUSEHOLD_1_505,2.4700000286102295,0.0,2.4700000286102295,67.61817104842504,-1.2
TX_2,HOUSEHOLD,HOUSEHOLD_1_285,2.759999990463257,0.0,2.759999990463257,67.16669347824327,-1.2
TX_2,FOODS,FOODS_3_109,1.0,0.0,1.0,67.01550445556641,-1.2
TX_2,FOODS,FOODS_2_364,2.740000009536743,0.0,2.740000009536743,59.91753689449038,-1.2
TX_2,HOUSEHOLD,HOUSEHOLD_1_385,1.9700000286102295,0.0,1.9700000286102295,58.59935238683312,-1.2
TX_2,FOODS,FOODS_3_477,1.6799999475479126,0.0,1.6799999475479126,55.50995361968021,-1.2
TX_2,FOODS,FOODS_3_611,1.8700000047683716,0.0,1.8700000047683716,51.77192784731638,-1.2
TX_2,FOODS,FOODS_3_064,1.1799999475479126,0.0,1.1799999475479126,51.10889267139982,-1.2
TX_2,HOUSEHOLD,HOUSEHOLD_1_179,0.9399999976158142,0.0,0.9399999976158142,48.23825437899282,-1.2
TX_2,HOUSEHOLD,HOUSEHOLD_1_372,1.9700000286102295,0.0,1.9700000286102295,46.66060542542228,-1.2
TX_2,HOUSEHOLD,HOUSEHOLD_1_243,1.9700000286102295,0.0,1.9700000286102295,37.59978927477419,-1.2
TX_2,FOODS,FOODS_3_650,2.9800000190734863,0.0,2.9800000190734863,31.711723620252954,-1.2
TX_2,FOODS,FOODS_3_383,1.25,0.0,1.25,31.092176914215088,-1.2
TX_2,FOODS,FOODS_1_139,0.9800000190734863,0.0,0.9800000190734863,25.518557266985773,-1.2
TX_2,FOODS,FOODS_3_382,1.9800000190734863,0.0,1.9800000190734863,25.340895164459834,-1.2
TX_2,HOBBIES,HOBBIES_1_353,1.0800000429153442,0.0,1.0800000429153442,24.285598300838362,-1.2
TX_2,HOBBIES,HOBBIES_1_370,0.47999998927116394,0.0,0.47999998927116394,22.735270609991154,-1.2
TX_2,FOODS,FOODS_3_007,0.25,0.0,0.25,21.506600379943848,-1.2
TX_2,HOUSEHOLD,HOUSEHOLD_2_213,0.9300000071525574,0.0,0.9300000071525574,20.073482740290572,-1.2
TX_2,FOODS,FOODS_3_070,0.25,0.0,0.25,18.616454124450684,-1.2
TX_2,HOBBIES,HOBBIES_1_178,0.47999998927116394,0.0,0.47999998927116394,17.01079045229873,-1.2
TX_2,FOODS,FOODS_3_454,0.25,0.0,0.25,10.195479011535646,-1.2
TX_3,FOODS,FOODS_3_574,5.980000019073486,0.0,5.980000019073486,426.46085534886413,-1.2
TX_3,FOODS,FOODS_3_714,1.5800000429153442,0.0,1.5800000429153442,357.06955126352517,-1.2
TX_3,FOODS,FOODS_3_389,1.6799999475479126,0.0,1.6799999475479126,202.91149390894316,-1.2
TX_3,FOODS,FOODS_3_117,1.8799999952316284,0.0,1.8799999952316284,188.4068375348263,-1.2
TX_3,FOODS,FOODS_2_197,2.9800000190734863,0.0,2.9800000190734863,181.78484611895803,-1.2
TX_3,FOODS,FOODS_2_181,1.7799999713897705,0.0,1.7799999713897705,173.75056770288433,-1.2
TX_3,FOODS,FOODS_3_086,1.0,0.0,1.0,173.0898895263672,-1.2
TX_3,FOODS,FOODS_3_135,1.4800000190734863,0.0,1.4800000190734863,164.49236595046023,-1.2
TX_3,FOODS,FOODS_3_628,3.9800000190734863,0.0,3.9800000190734863,146.08848445712374,-1.2
TX_3,FOODS,FOODS_2_112,2.9800000190734863,0.0,2.9800000190734863,144.98473557763282,-1.2
TX_3,HOUSEHOLD,HOUSEHOLD_1_328,4.940000057220459,0.0,4.940000057220459,138.19233694310134,-1.2
TX_3,FOODS,FOODS_3_376,1.0,0.0,1.0,136.4387435913086,-1.2
TX_3,FOODS,FOODS_3_233,2.559999942779541,0.0,2.559999942779541,110.27973386318081,-1.2
TX_3,FOODS,FOODS_3_087,2.559999942779541,0.0,2.559999942779541,88.86832027926322,-1.2
TX_3,FOODS,FOODS_2_322,2.740000009536743,0.0,2.740000009536743,87.07730566196479,-1.2
TX_3,HOUSEHOLD,HOUSEHOLD_1_385,1.9700000286102295,0.0,1.9700000286102295,73.7629185440952,-1.2
TX_3,FOODS,FOODS_3_121,2.9800000190734863,0.0,2.9800000190734863,72.0143473389795,-1.2
TX_3,FOODS,FOODS_3_295,0.800000011920929,0.0,0.800000011920929,70.13399823746082,-1.2
TX_3,FOODS,FOODS_2_286,1.5800000429153442,0.0,1.5800000429153442,68.3870764500934,-1.2
TX_3,FOODS,FOODS_3_347,1.8799999952316284,0.0,1.8799999952316284,65.81449800201554,-1.2
TX_3,FOODS,FOODS_2_374,1.7799999713897705,0.0,1.7799999713897705,64.23157845062761,-1.2
TX_3,FOODS,FOODS_3_668,1.6799999475479126,0.0,1.6799999475479126,59.49060385550584,-1.2
TX_3,HOUSEHOLD,HOUSEHOLD_1_045,2.6700000762939453,0.0,2.6700000762939453,58.8908410382457,-1.2
TX_3,HOUSEHOLD,HOUSEHOLD_1_285,2.759999990463257,0.0,2.759999990463257,58.09488176489955,-1.2
TX_3,HOUSEHOLD,HOUSEHOLD_1_319,1.8700000047683716,0.0,1.8700000047683716,57.89192131308674,-1.2
TX_3,HOUSEHOLD,HOUSEHOLD_1_236,2.4700000286102295,0.0,2.4700000286102295,57.836852591010945,-1.2
TX_3,HOUSEHOLD,HOUSEHOLD_1_498,3.2799999713897705,0.0,3.2799999713897705,55.38934853114139,-1.2
TX_3,FOODS,FOODS_3_616,1.8700000047683716,0.0,1.8700000047683716,45.33571988031245,-1.2
TX_3,FOODS,FOODS_3_738,1.5,0.0,1.5,44.86394405364991,-1.2
TX_3,FOODS,FOODS_2_061,2.0,0.0,2.0,44.09748458862305,-1.2
TX_3,HOUSEHOLD,HOUSEHOLD_1_039,2.9700000286102295,0.0,2.9700000286102295,41.36830870424433,-1.2
TX_3,FOODS,FOODS_2_135,2.0,0.0,2.0,36.043206787109376,-1.2
TX_3,HOUSEHOLD,HOUSEHOLD_1_114,0.9700000286102295,0.0,0.9700000286102295,34.48027809371979,-1.2
TX_3,HOBBIES,HOBBIES_1_076,3.430000066757202,0.0,3.430000066757202,33.96541655461479,-1.2
TX_3,HOBBIES,HOBBIES_1_131,0.6800000071525574,0.0,0.6800000071525574,22.254623555617716,-1.2
TX_3,HOBBIES,HOBBIES_1_115,0.6800000071525574,0.0,0.6800000071525574,20.150876905681912,-1.2
TX_3,FOODS,FOODS_3_351,0.9399999976158142,0.0,0.9399999976158142,15.678392900755071,-1.2
TX_3,FOODS,FOODS_1_145,0.9800000190734863,0.0,0.9800000190734863,15.308781521247967,-1.2
TX_3,HOBBIES,HOBBIES_1_189,0.47999998927116394,0.0,0.47999998927116394,13.504780032617294,-1.2
WI_1,FOODS,FOODS_3_282,2.559999942779541,0.0,2.559999942779541,350.08483983124387,-1.2
WI_1,HOBBIES,HOBBIES_1_345,7.880000114440918,0.0,7.880000114440918,309.4245552292338,-1.2
WI_1,FOODS,FOODS_3_263,2.5,0.0,2.5,215.83317756652832,-1.2
WI_1,HOBBIES,HOBBIES_1_153,6.380000114440918,0.0,6.380000114440918,203.4852633545961,-1.2
WI_1,FOODS,FOODS_2_347,2.240000009536743,0.0,2.240000009536743,160.70857612366584,-1.2
WI_1,FOODS,FOODS_2_131,5.980000019073486,0.0,5.980000019073486,146.0857380986987,-1.2
WI_1,FOODS,FOODS_3_134,6.980000019073486,0.0,6.980000019073486,141.68273334690832,-1.2
WI_1,FOODS,FOODS_3_661,3.2799999713897705,0.0,3.2799999713897705,138.11403669811426,-1.2
WI_1,FOODS,FOODS_3_672,2.640000104904175,0.0,2.640000104904175,136.94878687496112,-1.2
WI_1,HOUSEHOLD,HOUSEHOLD_1_051,2.9600000381469727,0.0,2.9600000381469727,123.506429539686,-1.2
WI_1,FOODS,FOODS_3_730,4.980000019073486,0.0,4.980000019073486,112.94512914046754,-1.2
WI_1,FOODS,FOODS_3_066,2.9800000190734863,0.0,2.9800000190734863,112.57561432222465,-1.2
WI_1,FOODS,FOODS_3_241,2.9800000190734863,0.0,2.9800000190734863,102.10503917433617,-1.2
WI_1,HOUSEHOLD,HOUSEHOLD_1_055,3.880000114440918,0.0,3.880000114440918,98.56034032464777,-1.2
WI_1,HOUSEHOLD,HOUSEHOLD_2_110,3.1700000762939453,0.0,3.1700000762939453,84.33201590371392,-1.2
WI_1,FOODS,FOODS_3_030,1.25,0.0,1.25,83.73950004577637,-1.2
WI_1,FOODS,FOODS_3_059,1.8799999952316284,0.0,1.8799999952316284,83.36060571508052,-1.2
WI_1,FOODS,FOODS_3_664,1.8799999952316284,0.0,1.8799999952316284,73.11844758370977,-1.2
WI_1,FOODS,FOODS_3_501,0.800000011920929,0.0,0.800000011920929,68.84950419976568,-1.2
WI_1,FOODS,FOODS_2_074,2.5,0.0,2.5,67.82244682312012,-1.2
WI_1,HOUSEHOLD,HOUSEHOLD_1_418,0.9700000286102295,0.0,0.9700000286102295,59.788357522129445,-1.2
WI_1,HOUSEHOLD,HOUSEHOLD_1_236,2.4700000286102295,0.0,2.4700000286102295,59.74067589339757,-1.2
WI_1,FOODS,FOODS_2_144,2.5,0.0,2.5,58.83626651763916,-1.2
WI_1,FOODS,FOODS_3_044,2.880000114440918,0.0,2.880000114440918,54.076112134143116,-1.2
WI_1,FOODS,FOODS_2_065,1.0,0.0,1.0,53.40925445556641,-1.2
WI_1,FOODS,FOODS_3_590,2.680000066757202,0.0,2.680000066757202,51.27342126772987,-1.2
WI_1,FOODS,FOODS_3_566,1.0,0.0,1.0,48.51965789794922,-1.2
WI_1,FOODS,FOODS_2_377,2.5,0.0,2.5,47.10808086395264,-1.2
WI_1,FOODS,FOODS_2_044,2.5,0.0,2.5,47.0775260925293,-1.2
WI_1,FOODS,FOODS_3_113,1.1799999475479126,0.0,1.1799999475479126,45.16770429871135,-1.2
WI_1,FOODS,FOODS_3_681,1.0,0.0,1.0,44.02355766296387,-1.2
WI_1,FOODS,FOODS_1_124,2.240000009536743,0.0,2.240000009536743,43.808952029777224,-1.2
WI_1,FOODS,FOODS_3_604,2.559999942779541,0.0,2.559999942779541,41.80903031549533,-1.2
WI_1,FOODS,FOODS_3_390,1.7799999713897705,0.0,1.7799999713897705,41.111444796667556,-1.2
WI_1,FOODS,FOODS_3_207,1.9800000190734863,0.0,1.9800000190734863,39.56747597472331,-1.2
WI_1,FOODS,FOODS_3_379,1.9700000286102295,0.0,1.9700000286102295,37.809237422728714,-1.2
WI_1,FOODS,FOODS_3_133,0.800000011920929,0.0,0.800000011920929,36.58958672686795,-1.2
WI_1,FOODS,FOODS_3_320,1.9800000190734863,0.0,1.9800000190734863,35.86138361190433,-1.2
WI_1,FOODS,FOODS_1_042,0.9399999976158142,0.0,0.9399999976158142,33.037333419928316,-1.2
WI_1,FOODS,FOODS_3_734,1.7799999713897705,0.0,1.7799999713897705,32.683308507116045,-1.2
WI_1,HOBBIES,HOBBIES_1_404,0.47999998927116394,0.0,0.47999998927116394,32.532931645879174,-1.2
WI_1,FOODS,FOODS_3_663,1.7400000095367432,0.0,1.7400000095367432,30.727472633928944,-1.2
WI_1,HOBBIES,HOBBIES_1_016,0.699999988079071,0.0,0.699999988079071,26.934825362225503,-1.2
WI_1,HOBBIES,HOBBIES_1_295,0.47999998927116394,0.0,0.47999998927116394,25.890730744539248,-1.2
WI_1,FOODS,FOODS_2_221,1.0,0.0,1.0,24.060275650024415,-1.2
WI_1,HOBBIES,HOBBIES_1_348,0.47999998927116394,0.0,0.47999998927116394,23.705264484794476,-1.2
WI_1,FOODS,FOODS_3_805,1.0,0.0,1.0,22.698033523559573,-1.2
WI_1,HOBBIES,HOBBIES_1_261,0.47999998927116394,0.0,0.47999998927116394,22.064360102526237,-1.2
WI_1,FOODS,FOODS_3_752,0.25,0.0,0.25,17.94619846343994,-1.2
WI_2,FOODS,FOODS_1_096,7.230000019073486,0.0,7.230000019073486,4348.489733578698,-1.2
WI_2,HOUSEHOLD,HOUSEHOLD_1_110,3.9700000286102295,0.0,3.9700000286102295,1046.2499160482128,-1.2
WI_2,FOODS,FOODS_3_154,2.9800000190734863,0.0,2.9800000190734863,578.5303448283711,-1.2
WI_2,FOODS,FOODS_2_276,3.4200000762939453,0.0,3.4200000762939453,329.8274980194692,-1.2
WI_2,FOODS,FOODS_2_347,2.240000009536743,0.0,2.240000009536743,272.139493346127,-1.2
WI_2,FOODS,FOODS_3_789,1.4500000476837158,0.0,1.4500000476837158,257.0536990203098,-1.2
WI_2,FOODS,FOODS_2_293,4.21999979019165,0.0,4.21999979019165,245.52051954684396,-1.2
WI_2,FOODS,FOODS_2_322,2.9700000286102295,0.0,2.9700000286102295,242.99960745100162,-1.2
WI_2,HOUSEHOLD,HOUSEHOLD_1_370,7.269999980926514,0.0,7.269999980926514,237.91872811649137,-1.2
WI_2,HOUSEHOLD,HOUSEHOLD_1_222,9.970000267028809,0.0,9.970000267028809,233.10641736471118,-1.2
WI_2,FOODS,FOODS_2_117,5.96999979019165,0.0,5.96999979019165,203.39529482335638,-1.2
WI_2,HOUSEHOLD,HOUSEHOLD_1_290,9.84000015258789,0.0,9.84000015258789,194.3824588095573,-1.2
WI_2,FOODS,FOODS_3_399,3.559999942779541,0.0,3.559999942779541,180.92075231053715,-1.2
WI_2,FOODS,FOODS_3_503,2.4800000190734863,0.0,2.4800000190734863,180.4966518398458,-1.2
WI_2,FOODS,FOODS_2_379,6.980000019073486,0.0,6.980000019073486,164.88613575024903,-1.2
WI_2,FOODS,FOODS_2_093,2.5,0.0,2.5,162.2028980255127,-1.2
WI_2,HOUSEHOLD,HOUSEHOLD_1_465,0.9700000286102295,0.0,0.9700000286102295,156.64691882014267,-1.2
WI_2,HOUSEHOLD,HOUSEHOLD_1_351,0.9700000286102295,0.0,0.9700000286102295,132.1883405688277,-1.2
WI_2,HOUSEHOLD,HOUSEHOLD_1_109,3.9700000286102295,0.0,3.9700000286102295,130.2657955554736,-1.2
WI_2,FOODS,FOODS_3_532,2.9800000190734863,0.0,2.9800000190734863,123.40905753731604,-1.2
WI_2,FOODS,FOODS_2_212,4.880000114440918,0.0,4.880000114440918,122.38128079354829,-1.2
WI_2,FOODS,FOODS_2_026,2.4800000190734863,0.0,2.4800000190734863,111.82331665592284,-1.2
WI_2,FOODS,FOODS_3_526,1.9800000190734863,0.0,1.9800000190734863,104.23875452891988,-1.2
WI_2,FOODS,FOODS_2_383,1.8700000047683716,0.0,1.8700000047683716,101.718114677404,-1.2
WI_2,FOODS,FOODS_3_224,3.9800000190734863,0.0,3.9800000190734863,98.64060140960828,-1.2
WI_2,FOODS,FOODS_3_618,1.9800000190734863,0.0,1.9800000190734863,95.75868297506275,-1.2
WI_2,FOODS,FOODS_3_086,1.0,0.0,1.0,94.83787689208985,-1.2
WI_2,FOODS,FOODS_2_240,1.8700000047683716,0.0,1.8700000047683716,93.65477971879373,-1.2
WI_2,HOUSEHOLD,HOUSEHOLD_1_235,3.880000114440918,0.0,3.880000114440918,88.89972704837419,-1.2
WI_2,FOODS,FOODS_3_388,3.9800000190734863,0.0,3.9800000190734863,86.88598417340563,-1.2
WI_2,HOUSEHOLD,HOUSEHOLD_2_366,4.170000076293945,0.0,4.170000076293945,86.45182584242649,-1.2
WI_2,HOUSEHOLD,HOUSEHOLD_1_055,3.880000114440918,0.0,3.880000114440918,84.89606584324974,-1.2
WI_2,FOODS,FOODS_3_290,1.0,0.0,1.0,84.55523834228516,-1.2
WI_2,FOODS,FOODS_2_100,2.5,0.0,2.5,74.25584506988525,-1.2
WI_2,FOODS,FOODS_3_146,5.440000057220459,0.0,5.440000057220459,71.00852967756491,-1.2
WI_2,FOODS,FOODS_1_044,2.4800000190734863,0.0,2.4800000190734863,68.98079600171732,-1.2
WI_2,FOODS,FOODS_3_105,2.880000114440918,0.0,2.880000114440918,68.07074904277907,-1.2
WI_2,FOODS,FOODS_3_632,3.9800000190734863,0.0,3.9800000190734863,62.744180907533064,-1.2
WI_2,FOODS,FOODS_2_136,3.369999885559082,0.0,3.369999885559082,62.49640002308733,-1.2
WI_2,FOODS,FOODS_3_053,3.9800000190734863,0.0,3.9800000190734863,62.318242077977175,-1.2
WI_2,FOODS,FOODS_3_259,1.340000033378601,0.0,1.340000033378601,61.53841785368604,-1.2
WI_2,HOUSEHOLD,HOUSEHOLD_1_414,0.9800000190734863,0.0,0.9800000190734863,54.45161742330311,-1.2
WI_2,FOODS,FOODS_3_761,2.0,0.0,2.0,53.15677871704102,-1.2
WI_2,FOODS,FOODS_1_046,0.9800000190734863,0.0,0.9800000190734863,52.39472694137585,-1.2
WI_2,FOODS,FOODS_2_023,1.2799999713897705,0.0,1.2799999713897705,52.258833792861516,-1.2
WI_2,HOBBIES,HOBBIES_1_014,1.159999966621399,0.0,1.159999966621399,50.87055456649068,-1.2
WI_2,FOODS,FOODS_3_654,1.6799999475479126,0.0,1.6799999475479126,49.132240745071385,-1.2
WI_2,FOODS,FOODS_3_228,1.6799999475479126,0.0,1.6799999475479126,48.830053651234635,-1.2
WI_2,FOODS,FOODS_1_083,2.0,0.0,2.0,48.46606521606446,-1.2
WI_2,FOODS,FOODS_3_547,0.25,0.0,0.25,45.08476486206055,-1.2
WI_2,FOODS,FOODS_2_121,1.5800000429153442,0.0,1.5800000429153442,41.32112796103243,-1.2
WI_2,FOODS,FOODS_2_072,2.5,0.0,2.5,39.82058763504028,-1.2
WI_2,FOODS,FOODS_3_805,1.0,0.0,1.0,38.451811981201175,-1.2
WI_2,HOUSEHOLD,HOUSEHOLD_1_043,2.9700000286102295,0.0,2.9700000286102295,38.20212500560765,-1.2
WI_2,FOODS,FOODS_3_401,1.9800000190734863,0.0,1.9800000190734863,36.40589343618039,-1.2
WI_2,FOODS,FOODS_3_034,2.559999942779541,0.0,2.559999942779541,32.07130934174411,-1.2
WI_2,FOODS,FOODS_3_568,1.0,0.0,1.0,29.976496505737305,-1.2
WI_2,HOUSEHOLD,HOUSEHOLD_1_114,0.9700000286102295,0.0,0.9700000286102295,27.144161853323112,-1.2
WI_2,FOODS,FOODS_2_199,1.0,0.0,1.0,24.5637264251709,-1.2
WI_3,FOODS,FOODS_3_120,4.980000019073486,0.0,4.980000019073486,1819.265193247114,-1.2
WI_3,FOODS,FOODS_3_469,6.239999771118164,0.0,6.239999771118164,376.4858482511278,-1.2
WI_3,FOODS,FOODS_3_318,1.4800000190734863,0.0,1.4800000190734863,343.867114905217,-1.2
WI_3,FOODS,FOODS_2_183,8.979999542236328,0.0,8.979999542236328,312.9361917656875,-1.2
WI_3,FOODS,FOODS_3_252,1.5800000429153442,0.0,1.5800000429153442,297.52663149438814,-1.2
WI_3,HOUSEHOLD,HOUSEHOLD_1_409,2.940000057220459,0.0,2.940000057220459,254.22739595443167,-1.2
WI_3,FOODS,FOODS_3_435,1.4800000190734863,0.0,1.4800000190734863,198.23581084333637,-1.2
WI_3,HOUSEHOLD,HOUSEHOLD_2_044,3.4800000190734863,0.0,3.4800000190734863,196.297290229936,-1.2
WI_3,FOODS,FOODS_3_376,1.0,0.0,1.0,194.7753631591797,-1.2
WI_3,FOODS,FOODS_2_194,6.71999979019165,0.0,6.71999979019165,156.95956809753662,-1.2
WI_3,FOODS,FOODS_3_562,4.980000019073486,0.0,4.980000019073486,145.55865237481393,-1.2
WI_3,FOODS,FOODS_2_293,4.21999979019165,0.0,4.21999979019165,113.50268674735835,-1.2
WI_3,FOODS,FOODS_3_532,2.9800000190734863,0.0,2.9800000190734863,113.13129956748054,-1.2
WI_3,FOODS,FOODS_3_697,3.0,0.0,3.0,112.71642494201662,-1.2
WI_3,FOODS,FOODS_2_212,4.880000114440918,0.0,4.880000114440918,100.695699306606,-1.2
WI_3,FOODS,FOODS_3_661,3.2799999713897705,0.0,3.2799999713897705,99.17957219397523,-1.2
WI_3,FOODS,FOODS_3_292,3.559999942779541,0.0,3.559999942779541,98.8420056134448,-1.2
WI_3,HOUSEHOLD,HOUSEHOLD_1_418,0.9700000286102295,0.0,0.9700000286102295,93.76673653030593,-1.2
WI_3,FOODS,FOODS_2_272,1.8700000047683716,0.0,1.8700000047683716,81.71453892754371,-1.2
WI_3,HOUSEHOLD,HOUSEHOLD_2_142,1.9700000286102295,0.0,1.9700000286102295,81.22196176231638,-1.2
WI_3,FOODS,FOODS_2_019,3.4200000762939453,0.0,3.4200000762939453,73.80808995295047,-1.2
WI_3,FOODS,FOODS_3_087,2.559999942779541,0.0,2.559999942779541,73.1638001224741,-1.2
WI_3,FOODS,FOODS_3_618,1.9800000190734863,0.0,1.9800000190734863,72.4037812150491,-1.2
WI_3,FOODS,FOODS_2_240,1.8700000047683716,0.0,1.8700000047683716,70.83562857189186,-1.2
WI_3,FOODS,FOODS_3_525,2.0,0.0,2.0,69.71555023193359,-1.2
WI_3,FOODS,FOODS_3_552,1.9800000190734863,0.0,1.9800000190734863,64.02588951752296,-1.2
WI_3,FOODS,FOODS_3_406,0.800000011920929,0.0,0.800000011920929,61.86349640523636,-1.2
WI_3,HOUSEHOLD,HOUSEHOLD_1_191,2.9600000381469727,0.0,2.9600000381469727,60.26285027920039,-1.2
WI_3,FOODS,FOODS_3_299,1.4500000476837158,0.0,1.4500000476837158,58.9558539704899,-1.2
WI_3,FOODS,FOODS_2_026,2.4800000190734863,0.0,2.4800000190734863,55.71008831908694,-1.2
WI_3,HOUSEHOLD,HOUSEHOLD_1_318,2.880000114440918,0.0,2.880000114440918,54.48224374207821,-1.2
WI_3,FOODS,FOODS_2_204,1.0,0.0,1.0,43.72910766601563,-1.2
WI_3,HOUSEHOLD,HOUSEHOLD_1_247,0.9700000286102295,0.0,0.9700000286102295,39.888622144383135,-1.2
WI_3,FOODS,FOODS_1_204,0.9800000190734863,0.0,0.9800000190734863,39.42666427290515,-1.2
WI_3,FOODS,FOODS_3_278,1.0,0.0,1.0,35.13302040100098,-1.2
WI_3,HOUSEHOLD,HOUSEHOLD_1_173,0.9700000286102295,0.0,0.9700000286102295,33.93556334071491,-1.2
WI_3,FOODS,FOODS_1_036,1.7799999713897705,0.0,1.7799999713897705,33.79775183331963,-1.2
WI_3,FOODS,FOODS_3_692,0.800000011920929,0.0,0.800000011920929,33.12954059376627,-1.2
WI_3,FOODS,FOODS_3_071,1.340000033378601,0.0,1.340000033378601,30.01792581181553,-1.2
WI_3,HOBBIES,HOBBIES_1_370,0.47999998927116394,0.0,0.47999998927116394,19.34357457984444,-1.2
WI_3,HOBBIES,HOBBIES_1_371,0.47999998927116394,0.0,0.47999998927116394,17.36049735366186,-1.2
WI_3,HOUSEHOLD,HOUSEHOLD_2_213,0.9300000071525574,0.0,0.9300000071525574,15.980625414730083,-1.2
WI_3,HOBBIES,HOBBIES_1_295,0.47999998927116394,0.0,0.47999998927116394,15.560927874842402,-1.2
