item_id,store_id,base_price,markdown,opt_price,elasticity,base_demand_per_day,opt_demand_per_day,inventory_on_hand,profit
FOODS_1_096,WI_2,7.230000019073486,0.0,7.230000019073486,-1.2,53.70096969604492,53.70096969604492,4833.087272644043,4348.489733578698
FOODS_3_120,WI_3,4.980000019073486,0.0,4.980000019073486,-1.2,32.617347717285156,32.617347717285156,2935.561294555664,1819.265193247114
FOODS_3_282,CA_3,2.559999942779541,0.0,2.559999942779541,-1.2,60.155250549316406,60.155250549316406,5413.972549438477,1724.7713051983565
HOBBIES_1_354,CA_1,22.979999542236328,0.0,22.979999542236328,-1.2,6.481414318084717,6.481414318084717,583.3272886276245,1668.1604583014648
HOUSEHOLD_1_110,WI_2,3.9700000286102295,0.0,3.9700000286102295,-1.2,23.530269622802734,23.530269622802734,2117.724266052246,1046.2499160482128
FOODS_3_120,CA_2,4.980000019073486,0.0,4.980000019073486,-1.2,16.920406341552734,16.920406341552734,1522.836570739746,943.752587721034
HOUSEHOLD_1_110,CA_3,3.9700000286102295,0.0,3.9700000286102295,-1.2,20.123376846313477,20.123376846313477,1811.103916168213,894.7658345427081
FOODS_3_252,CA_1,1.5800000429153442,0.0,1.5800000429153442,-1.2,36.43433380126953,36.43433380126953,3279.090042114258,644.7419884594958
HOBBIES_1_354,CA_2,22.979999542236328,0.0,22.979999542236328,-1.2,2.496387481689453,2.496387481689453,224.67487335205078,642.5102116884431
FOODS_3_586,CA_2,1.6799999475479126,0.0,1.6799999475479126,-1.2,34.128726959228516,34.128726959228516,3071.5854263305664,642.1661064154665
FOODS_1_012,TX_2,6.269999980926514,0.0,6.269999980926514,-1.2,8.637677192687988,8.637677192687988,777.390947341919,606.5722413341144
FOODS_3_154,WI_2,2.9800000190734863,0.0,2.9800000190734863,-1.2,17.333723068237305,17.333723068237305,1560.0350761413574,578.5303448283711
HOUSEHOLD_1_535,CA_1,6.96999979019165,0.0,6.96999979019165,-1.2,7.080803871154785,7.080803871154785,637.2723484039307,552.7558567589753
FOODS_3_607,TX_1,2.4800000190734863,0.0,2.4800000190734863,-1.2,19.064828872680664,19.064828872680664,1715.8345985412598,529.544690840265
FOODS_3_252,TX_1,1.5800000429153442,0.0,1.5800000429153442,-1.2,29.59774398803711,29.59774398803711,2663.79695892334,523.7616918385153
FOODS_2_368,TX_2,7.869999885559082,0.0,7.869999885559082,-1.2,5.437752723693848,5.437752723693848,489.3977451324463,479.3052691074947
HOUSEHOLD_1_096,CA_1,3.9700000286102295,0.0,3.9700000286102295,-1.2,10.721890449523926,10.721890449523926,964.9701404571533,476.73814038329624
FOODS_3_288,CA_2,1.5,0.0,1.5,-1.2,28.110013961791992,28.110013961791992,2529.9012565612793,472.24823455810554
FOODS_3_723,CA_3,1.600000023841858,0.0,1.600000023841858,-1.2,24.403671264648438,24.403671264648438,2196.3304138183594,437.3137955789833
FOODS_3_574,TX_3,5.980000019073486,0.0,5.980000019073486,-1.2,6.367368221282959,6.367368221282959,573.0631399154663,426.46085534886413
FOODS_1_012,TX_1,6.269999980926514,0.0,6.269999980926514,-1.2,6.031431674957275,6.031431674957275,542.8288507461548,423.5512566537469
FOODS_1_096,TX_1,6.380000114440918,0.0,6.380000114440918,-1.2,5.716943264007568,5.716943264007568,514.5248937606812,408.50990520054984
FOODS_3_307,CA_3,3.9800000190734863,0.0,3.9800000190734863,-1.2,8.64643669128418,8.64643669128418,778.1793022155762,385.42356379776174
FOODS_3_469,WI_3,6.239999771118164,0.0,6.239999771118164,-1.2,5.386988639831543,5.386988639831543,484.82897758483887,376.4858482511278
FOODS_3_772,CA_3,5.440000057220459,0.0,5.440000057220459,-1.2,6.10068416595459,6.10068416595459,549.0615749359131,371.70248877302146
FOODS_3_714,TX_3,1.5800000429153442,0.0,1.5800000429153442,-1.2,20.177980422973633,20.177980422973633,1816.018238067627,357.06955126352517
FOODS_3_282,WI_1,2.559999942779541,0.0,2.559999942779541,-1.2,12.209990501403809,12.209990501403809,1098.8991451263428,350.08483983124387
FOODS_3_318,WI_3,1.4800000190734863,0.0,1.4800000190734863,-1.2,20.7448787689209,20.7448787689209,1867.0390892028809,343.867114905217
FOODS_2_276,WI_2,3.4200000762939453,0.0,3.4200000762939453,-1.2,8.610784530639648,8.610784530639648,774.9706077575684,329.8274980194692
FOODS_1_012,CA_4,5.639999866485596,0.0,5.639999866485596,-1.2,4.991179943084717,4.991179943084717,449.2061948776245,315.28284718115793
FOODS_2_183,WI_3,8.979999542236328,0.0,8.979999542236328,-1.2,3.1114401817321777,3.1114401817321777,280.029616355896,312.9361917656875
HOBBIES_1_345,WI_1,7.880000114440918,0.0,7.880000114440918,-1.2,3.505988836288452,3.505988836288452,315.5389952659607,309.4245552292338
FOODS_3_499,TX_1,2.559999942779541,0.0,2.559999942779541,-1.2,10.648890495300293,10.648890495300293,958.4001445770264,305.32498145670473
FOODS_3_652,CA_1,3.9800000190734863,0.0,3.9800000190734863,-1.2,6.8269548416137695,6.8269548416137695,614.4259357452393,304.3183404781703
FOODS_3_252,WI_3,1.5800000429153442,0.0,1.5800000429153442,-1.2,16.813213348388672,16.813213348388672,1513.1892013549805,297.52663149438814
FOODS_2_293,CA_1,4.21999979019165,0.0,4.21999979019165,-1.2,5.935817241668701,5.935817241668701,534.2235517501831,280.5504521619285
FOODS_2_347,WI_2,2.240000009536743,0.0,2.240000009536743,-1.2,10.847396850585938,10.847396850585938,976.2657165527344,272.139493346127
FOODS_3_540,TX_2,2.9800000190734863,0.0,2.9800000190734863,-1.2,7.823802471160889,7.823802471160889,704.14222240448,261.1272329488104
FOODS_3_377,TX_1,1.6799999475479126,0.0,1.6799999475479126,-1.2,13.823859214782715,13.823859214782715,1244.1473293304443,260.10972686434053
FOODS_3_393,CA_1,3.559999942779541,0.0,3.559999942779541,-1.2,6.5030975341796875,6.5030975341796875,585.2787780761719,259.291500715178
FOODS_3_789,WI_2,1.4500000476837158,0.0,1.4500000476837158,-1.2,15.828429222106934,15.828429222106934,1424.558629989624,257.0536990203098
HOUSEHOLD_1_409,WI_3,2.940000057220459,0.0,2.940000057220459,-1.2,7.720705509185791,7.720705509185791,694.8634958267212,254.22739595443167
FOODS_1_187,CA_3,9.9399995803833,0.0,9.9399995803833,-1.2,2.281158447265625,2.281158447265625,205.30426025390625,253.9567968964111
FOODS_3_124,CA_4,5.440000057220459,0.0,5.440000057220459,-1.2,4.164706230163574,4.164706230163574,374.8235607147217,253.74722386043794
FOODS_2_347,CA_2,2.240000009536743,0.0,2.240000009536743,-1.2,9.903450965881348,9.903450965881348,891.3105869293213,248.45777888983395
FOODS_2_293,WI_2,4.21999979019165,0.0,4.21999979019165,-1.2,5.194662570953369,5.194662570953369,467.5196313858032,245.52051954684396
FOODS_2_322,WI_2,2.9700000286102295,0.0,2.9700000286102295,-1.2,7.305182933807373,7.305182933807373,657.4664640426636,242.99960745100162
FOODS_1_023,CA_3,5.639999866485596,0.0,5.639999866485596,-1.2,3.8408310413360596,3.8408310413360596,345.67479372024536,242.61760947568598
FOODS_3_652,CA_2,3.9800000190734863,0.0,3.9800000190734863,-1.2,5.397278785705566,5.397278785705566,485.755090713501,240.58910030459447
HOUSEHOLD_1_370,WI_2,7.269999980926514,0.0,7.269999980926514,-1.2,2.9219729900360107,2.9219729900360107,262.97756910324097,237.91872811649137
FOODS_3_399,CA_3,3.559999942779541,0.0,3.559999942779541,-1.2,5.880381107330322,5.880381107330322,529.234299659729,234.46255174291986
FOODS_3_491,CA_1,1.600000023841858,0.0,1.600000023841858,-1.2,13.025751113891602,13.025751113891602,1172.3176002502441,233.4214634391883
HOUSEHOLD_1_222,WI_2,9.970000267028809,0.0,9.970000267028809,-1.2,2.0875699520111084,2.0875699520111084,187.88129568099976,233.10641736471118
FOODS_3_635,CA_3,0.8799999952316284,0.0,0.8799999952316284,-1.2,23.258865356445312,23.258865356445312,2093.297882080078,229.23937571096758
HOUSEHOLD_1_130,CA_3,6.420000076293945,0.0,6.420000076293945,-1.2,3.1788887977600098,3.1788887977600098,286.0999917984009,228.5748228304714
FOODS_3_389,TX_1,1.6799999475479126,0.0,1.6799999475479126,-1.2,12.133519172668457,12.133519172668457,1092.0167255401611,228.30428962493153
HOUSEHOLD_2_294,CA_2,4.769999980926514,0.0,4.769999980926514,-1.2,4.139269828796387,4.139269828796387,372.5342845916748,221.13635044937473
HOUSEHOLD_1_140,TX_1,14.970000267028809,0.0,14.970000267028809,-1.2,1.3111721277236938,1.3111721277236938,118.00549149513245,219.83636754401763
FOODS_3_263,WI_1,2.5,0.0,2.5,-1.2,7.708327770233154,7.708327770233154,693.7494993209839,215.83317756652832
HOUSEHOLD_1_096,CA_2,3.9700000286102295,0.0,3.9700000286102295,-1.2,4.848091125488281,4.848091125488281,436.3282012939453,215.56552535720695
HOUSEHOLD_1_459,CA_3,0.9700000286102295,0.0,0.9700000286102295,-1.2,19.49285888671875,19.49285888671875,1754.3572998046875,211.77042519149836
FOODS_3_607,CA_2,2.4800000190734863,0.0,2.4800000190734863,-1.2,7.60864782333374,7.60864782333374,684.7783041000366,211.33780356630052
FOODS_3_233,CA_1,2.559999942779541,0.0,2.559999942779541,-1.2,7.366351127624512,7.366351127624512,662.971601486206,211.2080148103829
FOODS_3_636,CA_3,3.559999942779541,0.0,3.559999942779541,-1.2,5.146737575531006,5.146737575531006,463.2063817977905,205.21071731318702
FOODS_3_534,CA_3,4.880000114440918,0.0,4.880000114440918,-1.2,3.750486373901367,3.750486373901367,337.54377365112305,204.98658805909508
HOBBIES_1_153,WI_1,6.380000114440918,0.0,6.380000114440918,-1.2,2.8477001190185547,2.8477001190185547,256.2930107116699,203.4852633545961
FOODS_2_117,WI_2,5.96999979019165,0.0,5.96999979019165,-1.2,3.0419254302978516,3.0419254302978516,273.77328872680664,203.39529482335638
FOODS_3_389,TX_3,1.6799999475479126,0.0,1.6799999475479126,-1.2,10.783987045288086,10.783987045288086,970.5588340759277,202.91149390894316
FOODS_3_064,CA_2,1.1799999475479126,0.0,1.1799999475479126,-1.2,15.083036422729492,15.083036422729492,1357.4732780456543,199.33740050206143
FOODS_3_435,WI_3,1.4800000190734863,0.0,1.4800000190734863,-1.2,11.959206581115723,11.959206581115723,1076.328592300415,198.23581084333637
HOUSEHOLD_1_338,CA_1,3.940000057220459,0.0,3.940000057220459,-1.2,4.471670627593994,4.471670627593994,402.4503564834595,197.3258843202235
HOUSEHOLD_2_044,WI_3,3.4800000190734863,0.0,3.4800000190734863,-1.2,5.036363124847412,5.036363124847412,453.2726812362671,196.297290229936
FOODS_3_376,WI_3,1.0,0.0,1.0,-1.2,17.390657424926758,17.390657424926758,1565.1591682434082,194.7753631591797
HOUSEHOLD_1_290,WI_2,9.84000015258789,0.0,9.84000015258789,-1.2,1.7637780904769897,1.7637780904769897,158.74002814292908,194.3824588095573
FOODS_2_131,CA_2,5.980000019073486,0.0,5.980000019073486,-1.2,2.879223346710205,2.879223346710205,259.13010120391846,192.83886348433117
FOODS_3_300,CA_3,3.9800000190734863,0.0,3.9800000190734863,-1.2,4.305041313171387,4.305041313171387,387.4537181854248,191.90152249558378
FOODS_3_117,TX_3,1.8799999952316284,0.0,1.8799999952316284,-1.2,8.947893142700195,8.947893142700195,805.3103828430176,188.4068375348263
FOODS_3_540,CA_1,2.9800000190734863,0.0,2.9800000190734863,-1.2,5.63025426864624,5.63025426864624,506.7228841781616,187.915367673089
HOUSEHOLD_1_259,CA_3,7.480000019073486,0.0,7.480000019073486,-1.2,2.2422592639923096,2.2422592639923096,201.80333375930786,187.847512579218
HOUSEHOLD_1_387,CA_3,2.880000114440918,0.0,2.880000114440918,-1.2,5.769171237945557,5.769171237945557,519.2254114151001,186.09039484573952
FOODS_3_393,TX_1,3.559999942779541,0.0,3.559999942779541,-1.2,4.666553974151611,4.666553974151611,419.989857673645,186.06483706672265
FOODS_2_197,TX_3,2.9800000190734863,0.0,2.9800000190734863,-1.2,5.446573734283447,5.446573734283447,490.19163608551025,181.78484611895803
FOODS_3_399,WI_2,3.559999942779541,0.0,3.559999942779541,-1.2,4.537539005279541,4.537539005279541,408.3785104751587,180.92075231053715
FOODS_3_503,WI_2,2.4800000190734863,0.0,2.4800000190734863,-1.2,6.498295307159424,6.498295307159424,584.8465776443481,180.4966518398458
FOODS_3_697,TX_1,3.0,0.0,3.0,-1.2,5.363759517669678,5.363759517669678,482.738356590271,180.2223197937012
FOODS_3_389,CA_2,1.6799999475479126,0.0,1.6799999475479126,-1.2,9.530449867248535,9.530449867248535,857.7404880523682,179.32493910335816
HOUSEHOLD_1_051,CA_2,2.9600000381469727,0.0,2.9600000381469727,-1.2,5.381129741668701,5.381129741668701,484.3016767501831,178.39521549486744
HOUSEHOLD_1_418,CA_3,0.9700000286102295,0.0,0.9700000286102295,-1.2,16.394023895263672,16.394023895263672,1475.4621505737305,178.10468085135653
FOODS_3_676,CA_1,6.980000019073486,0.0,6.980000019073486,-1.2,2.271303653717041,2.271303653717041,204.4173288345337,177.56143491818622
FOODS_3_592,CA_2,6.980000019073486,0.0,6.980000019073486,-1.2,2.259364128112793,2.259364128112793,203.34277153015137,176.62805056199795
FOODS_3_231,TX_1,5.440000057220459,0.0,5.440000057220459,-1.2,2.868192434310913,2.868192434310913,258.1373190879822,174.75323047583132
FOODS_2_181,TX_3,1.7799999713897705,0.0,1.7799999713897705,-1.2,8.715417861938477,8.715417861938477,784.3876075744629,173.75056770288433
FOODS_3_086,TX_3,1.0,0.0,1.0,-1.2,15.45445442199707,15.45445442199707,1390.9008979797363,173.0898895263672
FOODS_3_469,CA_2,6.239999771118164,0.0,6.239999771118164,-1.2,2.4586925506591797,2.4586925506591797,221.28232955932617,171.83309867766803
FOODS_3_572,TX_1,2.5,0.0,2.5,-1.2,6.082861423492432,6.082861423492432,547.4575281143188,170.3201198577881
FOODS_3_634,CA_1,3.9800000190734863,0.0,3.9800000190734863,-1.2,3.7698593139648438,3.7698593139648438,339.28733825683594,168.0452495846257
FOODS_3_753,CA_1,5.440000057220459,0.0,5.440000057220459,-1.2,2.7170982360839844,2.7170982360839844,244.5388412475586,165.5473630694294
FOODS_2_379,WI_2,6.980000019073486,0.0,6.980000019073486,-1.2,2.109165668487549,2.109165668487549,189.8249101638794,164.88613575024903
HOUSEHOLD_1_441,CA_1,2.7699999809265137,0.0,2.7699999809265137,-1.2,5.306534290313721,5.306534290313721,477.58808612823486,164.62991868909484
FOODS_3_135,TX_3,1.4800000190734863,0.0,1.4800000190734863,-1.2,9.9235258102417,9.9235258102417,893.1173229217529,164.49236595046023
HOUSEHOLD_1_214,CA_3,1.8700000047683716,0.0,1.8700000047683716,-1.2,7.846595764160156,7.846595764160156,706.1936187744141,164.33910210362376
FOODS_2_093,WI_2,2.5,0.0,2.5,-1.2,5.7929606437683105,5.7929606437683105,521.366457939148,162.2028980255127
FOODS_3_540,CA_4,2.9800000190734863,0.0,2.9800000190734863,-1.2,4.830481052398682,4.830481052398682,434.74329471588135,161.2221366367605
FOODS_2_347,WI_1,2.240000009536743,0.0,2.240000009536743,-1.2,6.405794620513916,6.405794620513916,576.5215158462524,160.70857612366584
FOODS_2_194,WI_3,6.71999979019165,0.0,6.71999979019165,-1.2,2.085453510284424,2.085453510284424,187.69081592559814,156.95956809753662
HOUSEHOLD_1_465,WI_2,0.9700000286102295,0.0,0.9700000286102295,-1.2,14.418898582458496,14.418898582458496,1297.7008724212646,156.64691882014267
FOODS_3_570,CA_3,1.7799999713897705,0.0,1.7799999713897705,-1.2,7.841020107269287,7.841020107269287,705.6918096542358,156.3185743459866
HOUSEHOLD_1_447,TX_2,0.9599999785423279,0.0,0.9599999785423279,-1.2,14.484345436096191,14.484345436096191,1303.5910892486572,155.7356786479425
HOUSEHOLD_1_521,CA_3,0.9800000190734863,0.0,0.9800000190734863,-1.2,14.1008939743042,14.1008939743042,1269.080457687378,154.77141527423885
FOODS_2_342,CA_1,5.980000019073486,0.0,5.980000019073486,-1.2,2.3087754249572754,2.3087754249572754,207.78978824615479,154.63254335514614
HOUSEHOLD_1_086,CA_3,5.269999980926514,0.0,5.269999980926514,-1.2,2.6020891666412354,2.6020891666412354,234.18802499771118,153.58571041596608
HOUSEHOLD_1_416,TX_1,3.4700000286102295,0.0,3.4700000286102295,-1.2,3.950153350830078,3.950153350830078,355.51380157470703,153.51876109242585
FOODS_3_458,TX_1,1.9800000190734863,0.0,1.9800000190734863,-1.2,6.862109661102295,6.862109661102295,617.5898694992065,152.17414531050926
HOUSEHOLD_1_304,TX_2,2.359999895095825,0.0,2.359999895095825,-1.2,5.731358051300049,5.731358051300049,515.8222246170044,151.49124927803695
FOODS_3_727,CA_1,3.9800000190734863,0.0,3.9800000190734863,-1.2,3.386728048324585,3.386728048324585,304.80552434921265,150.96679020559986
HOUSEHOLD_1_212,CA_3,4.46999979019165,0.0,4.46999979019165,-1.2,2.9764914512634277,2.9764914512634277,267.8842306137085,149.01506102173337
HOBBIES_1_323,TX_2,4.619999885559082,0.0,4.619999885559082,-1.2,2.8763182163238525,2.8763182163238525,258.86863946914673,148.83220609877426
FOODS_2_346,CA_3,2.380000114440918,0.0,2.380000114440918,-1.2,5.496947288513184,5.496947288513184,494.7252559661865,146.52663396825523
FOODS_3_628,TX_3,3.9800000190734863,0.0,3.9800000190734863,-1.2,3.277290105819702,3.277290105819702,294.9561095237732,146.08848445712374
FOODS_2_131,WI_1,5.980000019073486,0.0,5.980000019073486,-1.2,2.1811654567718506,2.1811654567718506,196.30489110946655,146.0857380986987
FOODS_3_562,WI_3,4.980000019073486,0.0,4.980000019073486,-1.2,2.6097004413604736,2.6097004413604736,234.87303972244263,145.55865237481393
FOODS_3_661,CA_1,3.2799999713897705,0.0,3.2799999713897705,-1.2,3.9488449096679688,3.9488449096679688,355.3960418701172,145.06476533621608
FOODS_2_112,TX_3,2.9800000190734863,0.0,2.9800000190734863,-1.2,4.343981742858887,4.343981742858887,390.9583568572998,144.98473557763282
FOODS_3_134,WI_1,6.980000019073486,0.0,6.980000019073486,-1.2,1.812355875968933,1.812355875968933,163.11202883720398,141.68273334690832
FOODS_3_702,TX_2,3.0,0.0,3.0,-1.2,4.198075771331787,4.198075771331787,377.82681941986084,141.05534591674808
HOUSEHOLD_1_142,TX_1,6.269999980926514,0.0,6.269999980926514,-1.2,2.008361339569092,2.008361339569092,180.75252056121826,141.03516628086763
FOODS_3_228,CA_2,1.6799999475479126,0.0,1.6799999475479126,-1.2,7.357711315155029,7.357711315155029,662.1940183639526,138.4426917835711
FOODS_3_041,CA_3,2.9800000190734863,0.0,2.9800000190734863,-1.2,4.141432762145996,4.141432762145996,372.72894859313965,138.22446075409027
HOUSEHOLD_1_328,TX_3,4.940000057220459,0.0,4.940000057220459,-1.2,2.497692584991455,2.497692584991455,224.79233264923096,138.19233694310134
FOODS_3_661,WI_1,3.2799999713897705,0.0,3.2799999713897705,-1.2,3.7596373558044434,3.7596373558044434,338.3673620223999,138.11403669811426
FOODS_2_285,TX_1,3.9800000190734863,0.0,3.9800000190734863,-1.2,3.0783209800720215,3.0783209800720215,277.04888820648193,137.21923666529074
FOODS_3_672,WI_1,2.640000104904175,0.0,2.640000104904175,-1.2,4.631655216217041,4.631655216217041,416.8489694595337,136.94878687496112
FOODS_3_376,TX_3,1.0,0.0,1.0,-1.2,12.18203067779541,12.18203067779541,1096.382761001587,136.4387435913086
HOUSEHOLD_1_294,CA_2,2.2699999809265137,0.0,2.2699999809265137,-1.2,5.279311656951904,5.279311656951904,475.1380491256714,134.22121843856257
FOODS_3_134,CA_4,6.980000019073486,0.0,6.980000019073486,-1.2,1.6921136379241943,1.6921136379241943,152.2902274131775,132.28267611983628
HOUSEHOLD_1_351,WI_2,0.9700000286102295,0.0,0.9700000286102295,-1.2,12.167556762695312,12.167556762695312,1095.0801086425781,132.1883405688277
FOODS_1_218,CA_3,0.9800000190734863,0.0,0.9800000190734863,-1.2,12.014772415161133,12.014772415161133,1081.329517364502,131.8741445954409
FOODS_3_041,CA_1,2.9800000190734863,0.0,2.9800000190734863,-1.2,3.9142069816589355,3.9142069816589355,352.2786283493042,130.64057305601347
HOUSEHOLD_1_109,WI_2,3.9700000286102295,0.0,3.9700000286102295,-1.2,2.9296913146972656,2.9296913146972656,263.6722183227539,130.2657955554736
FOODS_3_126,TX_2,3.7799999713897705,0.0,3.7799999713897705,-1.2,3.06630277633667,3.06630277633667,275.9672498703003,129.81499335643983
HOBBIES_1_339,CA_1,7.980000019073486,0.0,7.980000019073486,-1.2,1.4511613845825195,1.4511613845825195,130.60452461242676,129.69900021844882
FOODS_3_654,CA_3,1.6799999475479126,0.0,1.6799999475479126,-1.2,6.809295654296875,6.809295654296875,612.8366088867188,128.12370303103816
HOUSEHOLD_2_483,CA_3,4.96999979019165,0.0,4.96999979019165,-1.2,2.2945592403411865,2.2945592403411865,206.5103316307068,127.72434016247371
HOUSEHOLD_2_176,TX_1,4.96999979019165,0.0,4.96999979019165,-1.2,2.2836782932281494,2.2836782932281494,205.53104639053345,127.11866314794224
FOODS_3_526,CA_2,1.9800000190734863,0.0,1.9800000190734863,-1.2,5.721409797668457,5.721409797668457,514.9268817901611,126.8779848953207
HOUSEHOLD_1_277,CA_3,0.9700000286102295,0.0,0.9700000286102295,-1.2,11.643547058105469,11.643547058105469,1047.9192352294922,126.49549897025281
FOODS_2_019,CA_4,3.4200000762939453,0.0,3.4200000762939453,-1.2,3.2609410285949707,3.2609410285949707,293.48469257354736,124.90708794575039
HOUSEHOLD_1_038,CA_3,5.21999979019165,0.0,5.21999979019165,-1.2,2.135495662689209,2.135495662689209,192.1946096420288,124.84961340535993
HOUSEHOLD_1_051,WI_1,2.9600000381469727,0.0,2.9600000381469727,-1.2,3.725459337234497,3.725459337234497,335.29134035110474,123.506429539686
FOODS_3_532,WI_2,2.9800000190734863,0.0,2.9800000190734863,-1.2,3.6975388526916504,3.6975388526916504,332.77849674224854,123.40905753731604
FOODS_2_212,WI_2,4.880000114440918,0.0,4.880000114440918,-1.2,2.239118814468384,2.239118814468384,201.52069330215454,122.38128079354829
FOODS_3_681,CA_2,1.0,0.0,1.0,-1.2,10.920756340026855,10.920756340026855,982.868070602417,122.31247100830079
HOUSEHOLD_1_294,CA_1,2.2699999809265137,0.0,2.2699999809265137,-1.2,4.666910648345947,4.666910648345947,420.02195835113525,118.65153532658769
FOODS_2_282,CA_2,6.71999979019165,0.0,6.71999979019165,-1.2,1.565293312072754,1.565293312072754,140.87639808654785,117.81023216163376
FOODS_3_107,CA_1,2.4800000190734863,0.0,2.4800000190734863,-1.2,4.213871479034424,4.213871479034424,379.24843311309814,117.04449510184024
FOODS_3_739,TX_2,1.5,0.0,1.5,-1.2,6.928534984588623,6.928534984588623,623.5681486129761,116.39938774108889
FOODS_2_346,CA_2,2.380000114440918,0.0,2.380000114440918,-1.2,4.342918872833252,4.342918872833252,390.8626985549927,115.76485104072856
FOODS_3_327,CA_3,3.2799999713897705,0.0,3.2799999713897705,-1.2,3.101381540298462,3.101381540298462,279.1243386268616,113.93235127061445
FOODS_2_293,WI_3,4.21999979019165,0.0,4.21999979019165,-1.2,2.4014618396759033,2.4014618396759033,216.1315655708313,113.50268674735835
FOODS_3_532,WI_3,2.9800000190734863,0.0,2.9800000190734863,-1.2,3.3896002769470215,3.3896002769470215,305.06402492523193,113.13129956748054
FOODS_3_661,TX_1,3.2799999713897705,0.0,3.2799999713897705,-1.2,3.076974630355835,3.076974630355835,276.92771673202515,113.03573903478292
FOODS_3_730,WI_1,4.980000019073486,0.0,4.980000019073486,-1.2,2.024977207183838,2.024977207183838,182.2479486465454,112.94512914046754
FOODS_3_697,WI_3,3.0,0.0,3.0,-1.2,3.3546555042266846,3.3546555042266846,301.9189953804016,112.71642494201662
FOODS_3_066,WI_1,2.9800000190734863,0.0,2.9800000190734863,-1.2,3.372951030731201,3.372951030731201,303.5655927658081,112.57561432222465
HOBBIES_1_148,CA_3,4.880000114440918,0.0,4.880000114440918,-1.2,2.05964732170105,2.05964732170105,185.36825895309448,112.57208665482139
HOUSEHOLD_1_094,CA_3,3.4800000190734863,0.0,3.4800000190734863,-1.2,2.884690999984741,2.884690999984741,259.6221899986267,112.43371703164178
FOODS_2_026,WI_2,2.4800000190734863,0.0,2.4800000190734863,-1.2,4.025897026062012,4.025897026062012,362.33073234558105,111.82331665592284
FOODS_3_795,TX_1,2.9800000190734863,0.0,2.9800000190734863,-1.2,3.3455569744110107,3.3455569744110107,301.10012769699097,111.66131029262998
HOUSEHOLD_2_490,CA_2,3.4800000190734863,0.0,3.4800000190734863,-1.2,2.8499319553375244,2.8499319553375244,256.4938759803772,111.07894850004652
FOODS_3_233,TX_3,2.559999942779541,0.0,2.559999942779541,-1.2,3.846251964569092,3.846251964569092,346.16267681121826,110.27973386318081
FOODS_3_169,CA_1,3.9800000190734863,0.0,3.9800000190734863,-1.2,2.473869800567627,2.473869800567627,222.64828205108643,110.27522075857814
FOODS_3_121,TX_2,2.9800000190734863,0.0,2.9800000190734863,-1.2,3.2337937355041504,3.2337937355041504,291.04143619537354,107.9311004069994
FOODS_2_241,CA_4,2.380000114440918,0.0,2.380000114440918,-1.2,3.942742109298706,3.942742109298706,354.84678983688354,105.09773871902982
HOUSEHOLD_2_375,CA_2,6.769999980926514,0.0,6.769999980926514,-1.2,1.3831385374069214,1.3831385374069214,124.48246836662292,104.87509616487213
FOODS_3_526,WI_2,1.9800000190734863,0.0,1.9800000190734863,-1.2,4.700520992279053,4.700520992279053,423.04688930511475,104.23875452891988
FOODS_2_184,TX_1,3.9800000190734863,0.0,3.9800000190734863,-1.2,2.3156344890594482,2.3156344890594482,208.40710401535034,103.22172347898686
FOODS_3_810,CA_1,2.559999942779541,0.0,2.559999942779541,-1.2,3.5882010459899902,3.5882010459899902,322.9380941390991,102.88089809105769
FOODS_3_618,CA_1,1.9800000190734863,0.0,1.9800000190734863,-1.2,4.62241792678833,4.62241792678833,416.0176134109497,102.506740931913
FOODS_3_241,WI_1,2.9800000190734863,0.0,2.9800000190734863,-1.2,3.0592353343963623,3.0592353343963623,275.3311800956726,102.10503917433617
FOODS_3_570,TX_2,1.7799999713897705,0.0,1.7799999713897705,-1.2,5.111244201660156,5.111244201660156,460.01197814941406,101.89776276647754
FOODS_2_383,WI_2,1.8700000047683716,0.0,1.8700000047683716,-1.2,4.85667085647583,4.85667085647583,437.1003770828247,101.718114677404
FOODS_1_183,CA_3,2.9800000190734863,0.0,2.9800000190734863,-1.2,3.0400238037109375,3.0400238037109375,273.6021423339844,101.46383512207541
FOODS_2_212,WI_3,4.880000114440918,0.0,4.880000114440918,-1.2,1.8423539400100708,1.8423539400100708,165.81185460090637,100.695699306606
FOODS_3_661,WI_3,3.2799999713897705,0.0,3.2799999713897705,-1.2,2.6997923851013184,2.6997923851013184,242.98131465911865,99.17957219397523
FOODS_3_292,WI_3,3.559999942779541,0.0,3.559999942779541,-1.2,2.478982925415039,2.478982925415039,223.10846328735352,98.8420056134448
FOODS_3_125,CA_3,4.980000019073486,0.0,4.980000019073486,-1.2,1.7687110900878906,1.7687110900878906,159.18399810791016,98.65163013857963
FOODS_3_224,WI_2,3.9800000190734863,0.0,3.9800000190734863,-1.2,2.2128634452819824,2.2128634452819824,199.15771007537842,98.64060140960828
HOUSEHOLD_1_055,WI_1,3.880000114440918,0.0,3.880000114440918,-1.2,2.2680490016937256,2.2680490016937256,204.1244101524353,98.56034032464777
FOODS_2_175,CA_3,2.4800000190734863,0.0,2.4800000190734863,-1.2,3.538682222366333,3.538682222366333,318.48140001296997,98.29043816439136
FOODS_2_208,CA_1,6.980000019073486,0.0,6.980000019073486,-1.2,1.2553329467773438,1.2553329467773438,112.97996520996094,98.13690871543368
HOBBIES_1_413,CA_3,4.860000133514404,0.0,4.860000133514404,-1.2,1.7983229160308838,1.7983229160308838,161.84906244277954,97.88631565453562
FOODS_3_661,CA_4,3.2799999713897705,0.0,3.2799999713897705,-1.2,2.6614487171173096,2.6614487171173096,239.53038454055786,97.77097921920132
FOODS_3_299,CA_2,1.5,0.0,1.5,-1.2,5.738391399383545,5.738391399383545,516.455225944519,96.40497550964356
FOODS_3_618,WI_2,1.9800000190734863,0.0,1.9800000190734863,-1.2,4.318122386932373,4.318122386932373,388.6310148239136,95.75868297506275
FOODS_3_348,CA_3,0.800000011920929,0.0,0.800000011920929,-1.2,10.62324047088623,10.62324047088623,956.0916423797607,95.18423603749625
FOODS_3_086,WI_2,1.0,0.0,1.0,-1.2,8.467667579650879,8.467667579650879,762.0900821685791,94.83787689208985
HOUSEHOLD_1_418,WI_3,0.9700000286102295,0.0,0.9700000286102295,-1.2,8.630958557128906,8.630958557128906,776.7862701416016,93.76673653030593
FOODS_2_240,WI_2,1.8700000047683716,0.0,1.8700000047683716,-1.2,4.471675872802734,4.471675872802734,402.4508285522461,93.65477971879373
FOODS_3_795,CA_4,2.9800000190734863,0.0,2.9800000190734863,-1.2,2.780940532684326,2.780940532684326,250.28464794158936,92.81667181294506
FOODS_3_233,CA_4,2.559999942779541,0.0,2.559999942779541,-1.2,3.2198760509490967,3.2198760509490967,289.7888445854187,92.32028406929331
FOODS_3_632,CA_1,3.9800000190734863,0.0,3.9800000190734863,-1.2,2.0629913806915283,2.0629913806915283,185.66922426223755,91.95990422640807
FOODS_3_304,TX_1,4.480000019073486,0.0,4.480000019073486,-1.2,1.8325237035751343,1.8325237035751343,164.92713332176208,91.94870974205524
FOODS_1_183,CA_1,2.9800000190734863,0.0,2.9800000190734863,-1.2,2.7168877124786377,2.7168877124786377,244.5198941230774,90.67884487207685
HOUSEHOLD_1_539,CA_2,3.9700000286102295,0.0,3.9700000286102295,-1.2,2.02156138420105,2.02156138420105,181.94052457809448,89.88670603489365
HOUSEHOLD_1_235,WI_2,3.880000114440918,0.0,3.880000114440918,-1.2,2.045741081237793,2.045741081237793,184.11669731140137,88.89972704837419
FOODS_3_087,TX_3,2.559999942779541,0.0,2.559999942779541,-1.2,3.0994811058044434,3.0994811058044434,278.9532995223999,88.86832027926322
FOODS_3_473,CA_2,4.179999828338623,0.0,4.179999828338623,-1.2,1.875736951828003,1.875736951828003,168.81632566452026,87.814497530474
FOODS_2_322,TX_3,2.740000009536743,0.0,2.740000009536743,-1.2,2.837503433227539,2.837503433227539,255.37530899047852,87.07730566196479
FOODS_3_388,WI_2,3.9800000190734863,0.0,3.9800000190734863,-1.2,1.9491651058197021,1.9491651058197021,175.4248595237732,86.88598417340563
FOODS_3_588,CA_3,3.940000057220459,0.0,3.940000057220459,-1.2,1.968418002128601,1.968418002128601,177.1576201915741,86.86235085942927
HOUSEHOLD_2_366,WI_2,4.170000076293945,0.0,4.170000076293945,-1.2,1.8510582447052002,1.8510582447052002,166.59524202346802,86.45182584242649
FOODS_3_598,CA_2,1.9800000190734863,0.0,1.9800000190734863,-1.2,3.8571438789367676,3.8571438789367676,347.1429491043091,85.53602348327658
HOUSEHOLD_1_055,WI_2,3.880000114440918,0.0,3.880000114440918,-1.2,1.9536097049713135,1.9536097049713135,175.8248734474182,84.89606584324974
FOODS_1_024,CA_3,4.860000133514404,0.0,4.860000133514404,-1.2,1.556274652481079,1.556274652481079,140.06471872329712,84.71114421104303
FOODS_2_024,CA_3,2.5,0.0,2.5,-1.2,3.024475574493408,3.024475574493408,272.20280170440674,84.68531608581543
FOODS_3_290,WI_2,1.0,0.0,1.0,-1.2,7.549574851989746,7.549574851989746,679.4617366790771,84.55523834228516
HOUSEHOLD_2_110,WI_1,3.1700000762939453,0.0,3.1700000762939453,-1.2,2.375282049179077,2.375282049179077,213.77538442611694,84.33201590371392
FOODS_3_030,WI_1,1.25,0.0,1.25,-1.2,5.981392860412598,5.981392860412598,538.3253574371338,83.73950004577637
FOODS_3_059,WI_1,1.8799999952316284,0.0,1.8799999952316284,-1.2,3.9589953422546387,3.9589953422546387,356.3095808029175,83.36060571508052
FOODS_1_037,CA_3,3.4800000190734863,0.0,3.4800000190734863,-1.2,2.138746500015259,2.138746500015259,192.4871850013733,83.35978404148028
FOODS_2_326,CA_2,1.0,0.0,1.0,-1.2,7.440063953399658,7.440063953399658,669.6057558059692,83.32871627807617
FOODS_3_407,TX_2,2.9800000190734863,0.0,2.9800000190734863,-1.2,2.492921829223633,2.492921829223633,224.36296463012695,83.20375950471353
FOODS_3_738,CA_3,1.600000023841858,0.0,1.600000023841858,-1.2,4.641330242156982,4.641330242156982,417.7197217941284,83.17263917882201
FOODS_3_446,CA_3,1.1799999475479126,0.0,1.1799999475479126,-1.2,6.287801265716553,6.287801265716553,565.9021139144897,83.09957783385698
FOODS_2_272,WI_3,1.8700000047683716,0.0,1.8700000047683716,-1.2,3.9015727043151855,3.9015727043151855,351.1415433883667,81.71453892754371
HOBBIES_1_416,TX_2,4.46999979019165,0.0,4.46999979019165,-1.2,1.6237560510635376,1.6237560510635376,146.13804459571838,81.29171912485609
HOUSEHOLD_2_142,WI_3,1.9700000286102295,0.0,1.9700000286102295,-1.2,3.6811983585357666,3.6811983585357666,331.307852268219,81.22196176231638
FOODS_3_423,CA_1,2.9800000190734863,0.0,2.9800000190734863,-1.2,2.3996429443359375,2.3996429443359375,215.96786499023438,80.09048342277529
HOUSEHOLD_2_110,CA_4,3.1700000762939453,0.0,3.1700000762939453,-1.2,2.2481391429901123,2.2481391429901123,202.3325228691101,79.81793405373828
FOODS_2_315,CA_4,2.5,0.0,2.5,-1.2,2.8263983726501465,2.8263983726501465,254.37585353851318,79.1391544342041
FOODS_2_289,CA_3,2.5,0.0,2.5,-1.2,2.81319260597229,2.81319260597229,253.1873345375061,78.76939296722412
HOUSEHOLD_1_079,CA_2,4.46999979019165,0.0,4.46999979019165,-1.2,1.5731470584869385,1.5731470584869385,141.58323526382446,78.75803063942496
FOODS_1_161,CA_2,0.9800000190734863,0.0,0.9800000190734863,-1.2,7.173792362213135,7.173792362213135,645.6413125991821,78.73954650013876
HOUSEHOLD_1_202,TX_1,1.9800000190734863,0.0,1.9800000190734863,-1.2,3.5251059532165527,3.5251059532165527,317.25953578948975,78.17275037157414
FOODS_3_530,CA_1,1.6799999475479126,0.0,1.6799999475479126,-1.2,4.115063190460205,4.115063190460205,370.35568714141846,77.4290265742503
HOBBIES_1_387,CA_2,1.0800000429153442,0.0,1.0800000429153442,-1.2,6.350128173828125,6.350128173828125,571.5115356445312,76.81115344282588
FOODS_3_115,CA_2,4.679999828338623,0.0,4.679999828338623,-1.2,1.4640017747879028,1.4640017747879028,131.76015973091125,76.73711421258204
FOODS_3_321,CA_3,1.4800000190734863,0.0,1.4800000190734863,-1.2,4.595082759857178,4.595082759857178,413.557448387146,76.16809280900816
HOUSEHOLD_1_430,TX_1,0.9399999976158142,0.0,0.9399999976158142,-1.2,7.2228240966796875,7.2228240966796875,650.0541687011719,76.04189189697355
FOODS_3_461,TX_2,1.6799999475479126,0.0,1.6799999475479126,-1.2,4.0089640617370605,4.0089640617370605,360.80676555633545,75.43266543052496
HOUSEHOLD_1_498,CA_1,3.2799999713897705,0.0,3.2799999713897705,-1.2,2.0491557121276855,2.0491557121276855,184.4240140914917,75.27778358410234
FOODS_3_505,CA_4,3.619999885559082,0.0,3.619999885559082,-1.2,1.852616548538208,1.852616548538208,166.73548936843872,75.11248296936355
FOODS_3_741,CA_2,1.350000023841858,0.0,1.350000023841858,-1.2,4.9675374031066895,4.9675374031066895,447.07836627960205,75.10916686144874
FOODS_2_364,CA_3,2.740000009536743,0.0,2.740000009536743,-1.2,2.4340004920959473,2.4340004920959473,219.06004428863525,74.69460736141973
FOODS_2_100,WI_2,2.5,0.0,2.5,-1.2,2.651994466781616,2.651994466781616,238.67950201034546,74.25584506988525
HOUSEHOLD_1_202,TX_2,1.9800000190734863,0.0,1.9800000190734863,-1.2,3.3401734828948975,3.3401734828948975,300.61561346054077,74.07168787021529
FOODS_2_019,WI_3,3.4200000762939453,0.0,3.4200000762939453,-1.2,1.9269028902053833,1.9269028902053833,173.4212601184845,73.80808995295047
HOUSEHOLD_1_385,TX_3,1.9700000286102295,0.0,1.9700000286102295,-1.2,3.3431344032287598,3.3431344032287598,300.8820962905884,73.7629185440952
FOODS_2_299,CA_3,2.240000009536743,0.0,2.240000009536743,-1.2,2.9366798400878906,2.9366798400878906,264.30118560791016,73.67542414179626
HOUSEHOLD_1_516,TX_1,1.8700000047683716,0.0,1.8700000047683716,-1.2,3.5176427364349365,3.5176427364349365,316.5878462791443,73.67350965975571
FOODS_3_087,WI_3,2.559999942779541,0.0,2.559999942779541,-1.2,2.551750898361206,2.551750898361206,229.65758085250854,73.1638001224741
FOODS_3_664,WI_1,1.8799999952316284,0.0,1.8799999952316284,-1.2,3.4725706577301025,3.4725706577301025,312.53135919570923,73.11844758370977
FOODS_3_561,CA_4,2.9800000190734863,0.0,2.9800000190734863,-1.2,2.1892526149749756,2.1892526149749756,197.0327353477478,73.0684957450796
FOODS_3_321,TX_1,1.4800000190734863,0.0,1.4800000190734863,-1.2,4.404163360595703,4.404163360595703,396.3747024536133,73.00341280606517
FOODS_3_618,WI_3,1.9800000190734863,0.0,1.9800000190734863,-1.2,3.2649612426757812,3.2649612426757812,293.8465118408203,72.4037812150491
FOODS_3_683,CA_1,2.559999942779541,0.0,2.559999942779541,-1.2,2.5251786708831787,2.5251786708831787,227.26608037948608,72.40192123325342
FOODS_3_121,TX_3,2.9800000190734863,0.0,2.9800000190734863,-1.2,2.1576685905456543,2.1576685905456543,194.1901731491089,72.0143473389795
HOUSEHOLD_1_439,CA_3,0.9800000190734863,0.0,0.9800000190734863,-1.2,6.518637657165527,6.518637657165527,586.6773891448975,71.54856831758008
FOODS_3_367,CA_2,2.680000066757202,0.0,2.680000066757202,-1.2,2.373943328857422,2.373943328857422,213.65489959716797,71.2562847339359
FOODS_3_146,WI_2,5.440000057220459,0.0,5.440000057220459,-1.2,1.165449857711792,1.165449857711792,104.89048719406128,71.00852967756491
HOUSEHOLD_1_234,CA_2,0.9700000286102295,0.0,0.9700000286102295,-1.2,6.523709297180176,6.523709297180176,587.1338367462158,70.87357989498742
FOODS_2_240,WI_3,1.8700000047683716,0.0,1.8700000047683716,-1.2,3.3821442127227783,3.3821442127227783,304.39297914505005,70.83562857189186
FOODS_3_570,CA_2,1.7799999713897705,0.0,1.7799999713897705,-1.2,3.5489895343780518,3.5489895343780518,319.40905809402466,70.7526542201419
FOODS_3_295,TX_3,0.800000011920929,0.0,0.800000011920929,-1.2,7.827455043792725,7.827455043792725,704.4709539413452,70.13399823746082
FOODS_2_396,CA_1,2.9800000190734863,0.0,2.9800000190734863,-1.2,2.1013264656066895,2.1013264656066895,189.11938190460205,70.13387256498063
FOODS_3_059,CA_2,1.9800000190734863,0.0,1.9800000190734863,-1.2,3.147926092147827,3.147926092147827,283.31334829330444,69.80840969193977
FOODS_3_525,WI_3,2.0,0.0,2.0,-1.2,3.1123013496398926,3.1123013496398926,280.10712146759033,69.71555023193359
FOODS_2_049,CA_3,2.6700000762939453,0.0,2.6700000762939453,-1.2,2.3293569087982178,2.3293569087982178,209.6421217918396,69.65709099111918
FOODS_2_222,TX_2,2.4700000286102295,0.0,2.4700000286102295,-1.2,2.5007834434509277,2.5007834434509277,225.0705099105835,69.18167398096394
FOODS_1_090,CA_2,3.5399999618530273,0.0,3.5399999618530273,-1.2,1.7425878047943115,1.7425878047943115,156.83290243148804,69.09012053997104
FOODS_3_668,TX_2,1.6799999475479126,0.0,1.6799999475479126,-1.2,3.6716322898864746,3.6716322898864746,330.4469060897827,69.0854310095544
FOODS_1_044,WI_2,2.4800000190734863,0.0,2.4800000190734863,-1.2,2.4834675788879395,2.4834675788879395,223.51208209991455,68.98079600171732
FOODS_3_501,WI_1,0.800000011920929,0.0,0.800000011920929,-1.2,7.684096336364746,7.684096336364746,691.5686702728271,68.84950419976568
FOODS_2_286,TX_3,1.5800000429153442,0.0,1.5800000429153442,-1.2,3.8645498752593994,3.8645498752593994,347.80948877334595,68.3870764500934
FOODS_3_105,WI_2,2.880000114440918,0.0,2.880000114440918,-1.2,2.110328197479248,2.110328197479248,189.92953777313232,68.07074904277907
HOUSEHOLD_1_226,CA_2,2.880000114440918,0.0,2.880000114440918,-1.2,2.1028354167938232,2.1028354167938232,189.2551875114441,67.82906189938622
FOODS_2_074,WI_1,2.5,0.0,2.5,-1.2,2.4222302436828613,2.4222302436828613,218.00072193145752,67.82244682312012
HOUSEHOLD_2_346,CA_3,3.3299999237060547,0.0,3.3299999237060547,-1.2,1.8175684213638306,1.8175684213638306,163.58115792274475,67.78803029008742
FOODS_3_573,CA_3,1.0,0.0,1.0,-1.2,6.047679424285889,6.047679424285889,544.29114818573,67.73400955200195
HOUSEHOLD_1_505,TX_2,2.4700000286102295,0.0,2.4700000286102295,-1.2,2.444265842437744,2.444265842437744,219.98392581939697,67.61817104842504
HOUSEHOLD_1_285,TX_2,2.759999990463257,0.0,2.759999990463257,-1.2,2.1728355884552,2.1728355884552,195.55520296096802,67.16669347824327
FOODS_3_109,TX_2,1.0,0.0,1.0,-1.2,5.983527183532715,5.983527183532715,538.5174465179443,67.01550445556641
HOUSEHOLD_1_322,CA_2,2.9700000286102295,0.0,2.9700000286102295,-1.2,2.004315137863159,2.004315137863159,180.38836240768433,66.67153938813199
HOUSEHOLD_1_521,CA_2,0.9800000190734863,0.0,0.9800000190734863,-1.2,6.067881107330322,6.067881107330322,546.109299659729,66.60106433029688
FOODS_3_347,TX_3,1.8799999952316284,0.0,1.8799999952316284,-1.2,3.1256885528564453,3.1256885528564453,281.3119697570801,65.81449800201554
FOODS_3_706,CA_3,1.9800000190734863,0.0,1.9800000190734863,-1.2,2.9350035190582275,2.9350035190582275,264.1503167152405,65.08663866561965
FOODS_3_771,CA_1,2.559999942779541,0.0,2.559999942779541,-1.2,2.264801025390625,2.264801025390625,203.83209228515625,64.93637354855892
FOODS_2_079,CA_2,3.940000057220459,0.0,3.940000057220459,-1.2,1.46725332736969,1.46725332736969,132.0527994632721,64.74695577048706
FOODS_3_782,CA_2,2.5,0.0,2.5,-1.2,2.2983477115631104,2.2983477115631104,206.85129404067993,64.35373592376709
FOODS_2_374,TX_3,1.7799999713897705,0.0,1.7799999713897705,-1.2,3.221889019012451,3.221889019012451,289.9700117111206,64.23157845062761
FOODS_3_793,CA_1,2.9800000190734863,0.0,2.9800000190734863,-1.2,1.9198862314224243,1.9198862314224243,172.7897608280182,64.07812327008679
FOODS_3_552,WI_3,1.9800000190734863,0.0,1.9800000190734863,-1.2,2.8871703147888184,2.8871703147888184,259.84532833099365,64.02588951752296
FOODS_3_183,CA_3,3.0,0.0,3.0,-1.2,1.8971470594406128,1.8971470594406128,170.74323534965515,63.7441411972046
FOODS_3_030,CA_2,1.4800000190734863,0.0,1.4800000190734863,-1.2,3.788555383682251,3.788555383682251,340.9699845314026,62.79909484923974
FOODS_3_632,WI_2,3.9800000190734863,0.0,3.9800000190734863,-1.2,1.407577633857727,1.407577633857727,126.68198704719543,62.744180907533064
FOODS_2_136,WI_2,3.369999885559082,0.0,3.369999885559082,-1.2,1.655797004699707,1.655797004699707,149.02173042297363,62.49640002308733
FOODS_3_738,CA_1,1.600000023841858,0.0,1.600000023841858,-1.2,3.4777259826660156,3.4777259826660156,312.9953384399414,62.320850538028026
FOODS_3_053,WI_2,3.9800000190734863,0.0,3.9800000190734863,-1.2,1.3980222940444946,1.3980222940444946,125.82200646400452,62.318242077977175
HOUSEHOLD_1_202,CA_1,1.9800000190734863,0.0,1.9800000190734863,-1.2,2.7984983921051025,2.7984983921051025,251.86485528945923,62.0595009411465
FOODS_2_361,CA_2,3.940000057220459,0.0,3.940000057220459,-1.2,1.4051498174667358,1.4051498174667358,126.46348357200623,62.00645204568929
FOODS_3_406,WI_3,0.800000011920929,0.0,0.800000011920929,-1.2,6.904407978057861,6.904407978057861,621.3967180252075,61.86349640523636
FOODS_3_259,WI_2,1.340000033378601,0.0,1.340000033378601,-1.2,4.100374221801758,4.100374221801758,369.0336799621582,61.53841785368604
FOODS_3_654,CA_2,1.6799999475479126,0.0,1.6799999475479126,-1.2,3.269169569015503,3.269169569015503,294.22526121139526,61.5126926900783
FOODS_2_361,CA_3,3.940000057220459,0.0,3.940000057220459,-1.2,1.3835538625717163,1.3835538625717163,124.51984763145447,61.05346573424168
HOBBIES_1_014,CA_3,1.159999966621399,0.0,1.159999966621399,-1.2,4.667961597442627,4.667961597442627,420.1165437698364,60.646155328902296
HOUSEHOLD_1_191,WI_3,2.9600000381469727,0.0,2.9600000381469727,-1.2,1.8177741765975952,1.8177741765975952,163.59967589378357,60.26285027920039
FOODS_2_364,TX_2,2.740000009536743,0.0,2.740000009536743,-1.2,1.9524744749069214,1.9524744749069214,175.72270274162292,59.91753689449038
HOUSEHOLD_1_418,WI_1,0.9700000286102295,0.0,0.9700000286102295,-1.2,5.5033464431762695,5.5033464431762695,495.30117988586426,59.788357522129445
HOUSEHOLD_1_236,WI_1,2.4700000286102295,0.0,2.4700000286102295,-1.2,2.1595096588134766,2.1595096588134766,194.3558692932129,59.74067589339757
FOODS_3_668,TX_3,1.6799999475479126,0.0,1.6799999475479126,-1.2,3.161703109741211,3.161703109741211,284.553279876709,59.49060385550584
FOODS_2_061,CA_3,2.0,0.0,2.0,-1.2,2.652261257171631,2.652261257171631,238.70351314544678,59.41065216064453
HOUSEHOLD_2_374,CA_3,2.9800000190734863,0.0,2.9800000190734863,-1.2,1.777520775794983,1.777520775794983,159.97686982154846,59.32653379265276
FOODS_3_299,WI_3,1.4500000476837158,0.0,1.4500000476837158,-1.2,3.630286455154419,3.630286455154419,326.7257809638977,58.9558539704899
HOUSEHOLD_1_045,TX_3,2.6700000762939453,0.0,2.6700000762939453,-1.2,1.969329833984375,1.969329833984375,177.23968505859375,58.8908410382457
FOODS_2_144,WI_1,2.5,0.0,2.5,-1.2,2.101295232772827,2.101295232772827,189.11657094955444,58.83626651763916
FOODS_3_273,CA_1,2.240000009536743,0.0,2.240000009536743,-1.2,2.3441884517669678,2.3441884517669678,210.9769606590271,58.81100012831603
FOODS_2_119,CA_1,2.6700000762939453,0.0,2.6700000762939453,-1.2,1.966090202331543,1.966090202331543,176.94811820983887,58.79396309053118
HOUSEHOLD_2_346,CA_1,3.3299999237060547,0.0,3.3299999237060547,-1.2,1.5712419748306274,1.5712419748306274,141.41177773475647,58.6010393506691
HOUSEHOLD_1_385,TX_2,1.9700000286102295,0.0,1.9700000286102295,-1.2,2.6558806896209717,2.6558806896209717,239.02926206588745,58.59935238683312
FOODS_3_227,CA_4,2.5,0.0,2.5,-1.2,2.083726406097412,2.083726406097412,187.5353765487671,58.34433937072754
HOUSEHOLD_1_285,TX_3,2.759999990463257,0.0,2.759999990463257,-1.2,1.8793634176254272,1.8793634176254272,169.14270758628845,58.09488176489955
HOUSEHOLD_1_319,TX_3,1.8700000047683716,0.0,1.8700000047683716,-1.2,2.764129161834717,2.764129161834717,248.7716245651245,57.89192131308674
HOUSEHOLD_1_236,TX_3,2.4700000286102295,0.0,2.4700000286102295,-1.2,2.0906901359558105,2.0906901359558105,188.16211223602295,57.836852591010945
FOODS_3_435,CA_3,1.4800000190734863,0.0,1.4800000190734863,-1.2,3.469447374343872,3.469447374343872,312.2502636909485,57.50956041827794
FOODS_3_129,CA_3,2.680000066757202,0.0,2.680000066757202,-1.2,1.9090526103973389,1.9090526103973389,171.8147349357605,57.30212458104825
HOBBIES_1_023,CA_3,2.9700000286102295,0.0,2.9700000286102295,-1.2,1.6862208843231201,1.6862208843231201,151.7598795890808,56.090452036447736
FOODS_2_360,CA_4,0.9399999976158142,0.0,0.9399999976158142,-1.2,5.315005302429199,5.315005302429199,478.35047721862793,55.956375682048666
FOODS_3_227,CA_2,2.680000066757202,0.0,2.680000066757202,-1.2,1.8625432252883911,1.8625432252883911,167.6288902759552,55.9060988428439
FOODS_2_026,WI_3,2.4800000190734863,0.0,2.4800000190734863,-1.2,2.0056915283203125,2.0056915283203125,180.51223754882812,55.71008831908694
HOUSEHOLD_1_430,CA_2,0.9800000190734863,0.0,0.9800000190734863,-1.2,5.060362339019775,5.060362339019775,455.4326105117798,55.54253811409108
FOODS_3_477,TX_2,1.6799999475479126,0.0,1.6799999475479126,-1.2,2.950146436691284,2.950146436691284,265.5131793022156,55.50995361968021
HOUSEHOLD_1_498,TX_3,3.2799999713897705,0.0,3.2799999713897705,-1.2,1.5077675580978394,1.5077675580978394,135.69908022880554,55.38934853114139
FOODS_3_497,CA_3,2.5,0.0,2.5,-1.2,1.9545228481292725,1.9545228481292725,175.90705633163452,54.72663974761963
HOUSEHOLD_1_318,WI_3,2.880000114440918,0.0,2.880000114440918,-1.2,1.6890575885772705,1.6890575885772705,152.01518297195435,54.48224374207821
HOUSEHOLD_1_414,WI_2,0.9800000190734863,0.0,0.9800000190734863,-1.2,4.960970878601074,4.960970878601074,446.4873790740967,54.45161742330311
FOODS_3_044,WI_1,2.880000114440918,0.0,2.880000114440918,-1.2,1.676466703414917,1.676466703414917,150.88200330734253,54.076112134143116
FOODS_3_011,CA_1,1.9800000190734863,0.0,1.9800000190734863,-1.2,2.4179916381835938,2.4179916381835938,217.61924743652344,53.62138308489811
FOODS_2_065,WI_1,1.0,0.0,1.0,-1.2,4.768683433532715,4.768683433532715,429.18150901794434,53.40925445556641
FOODS_3_761,WI_2,2.0,0.0,2.0,-1.2,2.373070478439331,2.373070478439331,213.5763430595398,53.15677871704102
FOODS_3_238,CA_2,3.2699999809265137,0.0,3.2699999809265137,-1.2,1.4490669965744019,1.4490669965744019,130.41602969169617,53.070629372986794
HOUSEHOLD_1_059,CA_1,3.119999885559082,0.0,3.119999885559082,-1.2,1.507276177406311,1.507276177406311,135.654855966568,52.67025681135256
HOUSEHOLD_1_238,CA_3,2.4800000190734863,0.0,2.4800000190734863,-1.2,1.895729422569275,1.895729422569275,170.61564803123474,52.65578084625568
FOODS_1_086,CA_3,1.8300000429153442,0.0,1.8300000429153442,-1.2,2.559619665145874,2.559619665145874,230.36576986312866,52.46196588711579
FOODS_1_046,WI_2,0.9800000190734863,0.0,0.9800000190734863,-1.2,4.773571968078613,4.773571968078613,429.6214771270752,52.39472694137585
FOODS_2_023,WI_2,1.2799999713897705,0.0,1.2799999713897705,-1.2,3.645287036895752,3.645287036895752,328.0758333206177,52.258833792861516
FOODS_3_183,TX_1,3.0,0.0,3.0,-1.2,1.5551187992095947,1.5551187992095947,139.96069192886353,52.25199165344239
FOODS_3_611,TX_2,1.8700000047683716,0.0,1.8700000047683716,-1.2,2.471921682357788,2.471921682357788,222.47295141220093,51.77192784731638
FOODS_3_317,CA_1,0.9399999976158142,0.0,0.9399999976158142,-1.2,4.916482448577881,4.916482448577881,442.4834203720093,51.760727087343696
HOUSEHOLD_1_145,CA_1,2.240000009536743,0.0,2.240000009536743,-1.2,2.0464794635772705,2.0464794635772705,184.18315172195435,51.34207700081416
FOODS_3_590,WI_1,2.680000066757202,0.0,2.680000066757202,-1.2,1.7082029581069946,1.7082029581069946,153.73826622962952,51.27342126772987
FOODS_3_064,TX_2,1.1799999475479126,0.0,1.1799999475479126,-1.2,3.8671984672546387,3.8671984672546387,348.0478620529175,51.10889267139982
HOUSEHOLD_2_389,CA_3,1.9700000286102295,0.0,1.9700000286102295,-1.2,2.314537286758423,2.314537286758423,208.30835580825806,51.06795143669561
HOUSEHOLD_1_283,TX_1,1.4800000190734863,0.0,1.4800000190734863,-1.2,3.0737531185150146,3.0737531185150146,276.6377806663513,50.95053234912939
HOBBIES_1_014,WI_2,1.159999966621399,0.0,1.159999966621399,-1.2,3.915529251098633,3.915529251098633,352.39763259887695,50.87055456649068
FOODS_3_603,CA_3,1.0,0.0,1.0,-1.2,4.525686740875244,4.525686740875244,407.311806678772,50.68769149780274
FOODS_2_026,CA_2,2.4800000190734863,0.0,2.4800000190734863,-1.2,1.788918137550354,1.788918137550354,161.00263237953186,49.688990570752786
FOODS_3_346,TX_1,1.9800000190734863,0.0,1.9800000190734863,-1.2,2.2202537059783936,2.2202537059783936,199.82283353805542,49.23634665807421
HOBBIES_1_048,CA_3,0.47999998927116394,0.0,0.47999998927116394,-1.2,9.13965892791748,9.13965892791748,822.5693035125732,49.134805298235875
FOODS_3_654,WI_2,1.6799999475479126,0.0,1.6799999475479126,-1.2,2.6111948490142822,2.6111948490142822,235.0075364112854,49.132240745071385
HOUSEHOLD_1_262,CA_1,0.9700000286102295,0.0,0.9700000286102295,-1.2,4.505119800567627,4.505119800567627,405.4607820510864,48.94362295696283
FOODS_3_228,WI_2,1.6799999475479126,0.0,1.6799999475479126,-1.2,2.595134735107422,2.595134735107422,233.56212615966797,48.830053651234635
FOODS_3_525,TX_1,2.0,0.0,2.0,-1.2,2.1766457557678223,2.1766457557678223,195.898118019104,48.756864929199224
FOODS_3_566,WI_1,1.0,0.0,1.0,-1.2,4.3321123123168945,4.3321123123168945,389.8901081085205,48.51965789794922
FOODS_1_083,WI_2,2.0,0.0,2.0,-1.2,2.163663625717163,2.163663625717163,194.72972631454468,48.46606521606446
HOUSEHOLD_1_179,TX_2,0.9399999976158142,0.0,0.9399999976158142,-1.2,4.5819010734558105,4.5819010734558105,412.37109661102295,48.23825437899282
HOUSEHOLD_1_339,CA_2,0.9700000286102295,0.0,0.9700000286102295,-1.2,4.423807621002197,4.423807621002197,398.14268589019775,48.060247412108765
FOODS_1_035,CA_3,2.680000066757202,0.0,2.680000066757202,-1.2,1.5758370161056519,1.5758370161056519,141.82533144950867,47.30032505365011
FOODS_3_606,CA_2,2.880000114440918,0.0,2.880000114440918,-1.2,1.464290976524353,1.464290976524353,131.78618788719177,47.232171615607335
FOODS_2_377,WI_1,2.5,0.0,2.5,-1.2,1.6824314594268799,1.6824314594268799,151.4188313484192,47.10808086395264
FOODS_2_044,WI_1,2.5,0.0,2.5,-1.2,1.681340217590332,1.681340217590332,151.32061958312988,47.0775260925293
HOUSEHOLD_1_173,CA_1,0.9700000286102295,0.0,0.9700000286102295,-1.2,4.3072404861450195,4.3072404861450195,387.65164375305176,46.79386202166825
HOUSEHOLD_1_372,TX_2,1.9700000286102295,0.0,1.9700000286102295,-1.2,2.1147844791412354,2.1147844791412354,190.33060312271118,46.66060542542228
HOUSEHOLD_1_298,CA_2,3.7200000286102295,0.0,3.7200000286102295,-1.2,1.1055774688720703,1.1055774688720703,99.50197219848633,46.06278001735118
HOBBIES_1_048,CA_4,0.47999998927116394,0.0,0.47999998927116394,-1.2,8.562407493591309,8.562407493591309,770.6166744232178,46.03150165666262
FOODS_3_616,TX_3,1.8700000047683716,0.0,1.8700000047683716,-1.2,2.164616107940674,2.164616107940674,194.81544971466064,45.33571988031245
FOODS_3_590,CA_4,2.680000066757202,0.0,2.680000066757202,-1.2,1.5094728469848633,1.5094728469848633,135.8525562286377,45.30833810370132
FOODS_3_113,WI_1,1.1799999475479126,0.0,1.1799999475479126,-1.2,3.4176533222198486,3.4176533222198486,307.5887989997864,45.16770429871135
FOODS_3_547,WI_2,0.25,0.0,0.25,-1.2,16.101701736450195,16.101701736450195,1449.1531562805176,45.08476486206055
FOODS_3_738,TX_3,1.5,0.0,1.5,-1.2,2.6704728603363037,2.6704728603363037,240.34255743026733,44.86394405364991
HOUSEHOLD_1_393,TX_1,1.9800000190734863,0.0,1.9800000190734863,-1.2,2.016542673110962,2.016542673110962,181.48884057998657,44.71885074968868
FOODS_3_406,CA_2,0.800000011920929,0.0,0.800000011920929,-1.2,4.9600510597229,4.9600510597229,446.40459537506104,44.442058157355454
FOODS_2_061,TX_3,2.0,0.0,2.0,-1.2,1.9686377048492432,1.9686377048492432,177.17739343643188,44.09748458862305
FOODS_1_013,CA_2,1.5,0.0,1.5,-1.2,2.624006509780884,2.624006509780884,236.16058588027954,44.08330936431886
FOODS_3_681,WI_1,1.0,0.0,1.0,-1.2,3.9306747913360596,3.9306747913360596,353.76073122024536,44.02355766296387
HOUSEHOLD_1_425,CA_1,1.9700000286102295,0.0,1.9700000286102295,-1.2,1.9898744821548462,1.9898744821548462,179.08870339393616,43.904591211889105
FOODS_3_650,CA_3,2.9800000190734863,0.0,2.9800000190734863,-1.2,1.313376545906067,1.313376545906067,118.20388913154602,43.83525587672839
FOODS_1_124,WI_1,2.240000009536743,0.0,2.240000009536743,-1.2,1.7462114095687866,1.7462114095687866,157.1590268611908,43.808952029777224
FOODS_2_204,WI_3,1.0,0.0,1.0,-1.2,3.9043846130371094,3.9043846130371094,351.39461517333984,43.72910766601563
FOODS_2_150,CA_2,2.9600000381469727,0.0,2.9600000381469727,-1.2,1.3072662353515625,1.3072662353515625,117.65396118164062,43.33849079289939
FOODS_3_746,CA_4,1.9800000190734863,0.0,1.9800000190734863,-1.2,1.950799584388733,1.950799584388733,175.57196259498596,43.260932000140286
HOUSEHOLD_1_238,CA_2,2.4800000190734863,0.0,2.4800000190734863,-1.2,1.5321128368377686,1.5321128368377686,137.89015531539917,42.55596648330048
HOBBIES_1_353,CA_1,1.0800000429153442,0.0,1.0800000429153442,-1.2,3.475109338760376,3.475109338760376,312.75984048843384,42.03492423196326
FOODS_3_294,CA_3,2.4800000190734863,0.0,2.4800000190734863,-1.2,1.5106332302093506,1.5106332302093506,135.95699071884155,41.959348925001
HOUSEHOLD_1_474,TX_1,0.9700000286102295,0.0,0.9700000286102295,-1.2,3.8599021434783936,3.8599021434783936,347.3911929130554,41.93397812359535
FOODS_3_604,WI_1,2.559999942779541,0.0,2.559999942779541,-1.2,1.4581832885742188,1.4581832885742188,131.2364959716797,41.80903031549533
HOBBIES_1_371,CA_3,0.47999998927116394,0.0,0.47999998927116394,-1.2,7.752575397491455,7.752575397491455,697.731785774231,41.67784440534163
HOUSEHOLD_1_039,TX_3,2.9700000286102295,0.0,2.9700000286102295,-1.2,1.2436360120773315,1.2436360120773315,111.92724108695984,41.36830870424433
FOODS_2_121,WI_2,1.5800000429153442,0.0,1.5800000429153442,-1.2,2.335054636001587,2.335054636001587,210.15491724014282,41.32112796103243
HOUSEHOLD_1_361,TX_1,1.8799999952316284,0.0,1.8799999952316284,-1.2,1.9607547521591187,1.9607547521591187,176.46792769432068,41.28565195674681
FOODS_3_390,WI_1,1.7799999713897705,0.0,1.7799999713897705,-1.2,2.062171220779419,2.062171220779419,185.5954098701477,41.111444796667556
FOODS_3_113,CA_2,1.2799999713897705,0.0,1.2799999713897705,-1.2,2.8267929553985596,2.8267929553985596,254.41136598587036,40.52490290279157
HOUSEHOLD_1_247,WI_3,0.9700000286102295,0.0,0.9700000286102295,-1.2,3.671633005142212,3.671633005142212,330.4469704627991,39.888622144383135
FOODS_2_072,WI_2,2.5,0.0,2.5,-1.2,1.4221638441085815,1.4221638441085815,127.99474596977234,39.82058763504028
FOODS_2_327,CA_1,2.0,0.0,2.0,-1.2,1.777685523033142,1.777685523033142,159.9916970729828,39.820155715942384
FOODS_3_650,CA_1,2.9800000190734863,0.0,2.9800000190734863,-1.2,1.191377878189087,1.191377878189087,107.22400903701782,39.76342831694474
FOODS_3_207,WI_1,1.9800000190734863,0.0,1.9800000190734863,-1.2,1.784247636795044,1.784247636795044,160.58228731155396,39.56747597472331
FOODS_1_204,WI_3,0.9800000190734863,0.0,0.9800000190734863,-1.2,3.5920794010162354,3.5920794010162354,323.2871460914612,39.42666427290515
FOODS_1_054,CA_1,1.9800000190734863,0.0,1.9800000190734863,-1.2,1.7590094804763794,1.7590094804763794,158.31085324287415,39.00779461480915
FOODS_3_621,CA_3,1.5,0.0,1.5,-1.2,2.319765090942383,2.319765090942383,208.77885818481445,38.97205352783204
FOODS_3_118,TX_1,1.1799999475479126,0.0,1.1799999475479126,-1.2,2.909543752670288,2.909543752670288,261.8589377403259,38.45252852604012
FOODS_3_805,WI_2,1.0,0.0,1.0,-1.2,3.433197498321533,3.433197498321533,308.987774848938,38.451811981201175
HOUSEHOLD_1_043,WI_2,2.9700000286102295,0.0,2.9700000286102295,-1.2,1.1484525203704834,1.1484525203704834,103.3607268333435,38.20212500560765
HOUSEHOLD_1_247,CA_3,0.9700000286102295,0.0,0.9700000286102295,-1.2,3.4916248321533203,3.4916248321533203,314.2462348937988,37.933013295350975
FOODS_3_692,CA_3,0.800000011920929,0.0,0.800000011920929,-1.2,4.231596946716309,4.231596946716309,380.8437252044678,37.91510920755727
FOODS_3_379,WI_1,1.9700000286102295,0.0,1.9700000286102295,-1.2,1.7136166095733643,1.7136166095733643,154.22549486160278,37.809237422728714
HOUSEHOLD_1_243,TX_2,1.9700000286102295,0.0,1.9700000286102295,-1.2,1.704123854637146,1.704123854637146,153.37114691734314,37.59978927477419
HOUSEHOLD_1_462,TX_1,1.8700000047683716,0.0,1.8700000047683716,-1.2,1.7724525928497314,1.7724525928497314,159.52073335647583,37.12224719930396
FOODS_3_106,CA_2,1.0,0.0,1.0,-1.2,3.3128445148468018,3.3128445148468018,298.15600633621216,37.10385856628418
FOODS_3_133,WI_1,0.800000011920929,0.0,0.800000011920929,-1.2,4.0836591720581055,4.0836591720581055,367.5293254852295,36.58958672686795
FOODS_3_401,WI_2,1.9800000190734863,0.0,1.9800000190734863,-1.2,1.6416798830032349,1.6416798830032349,147.75118947029114,36.40589343618039
HOBBIES_1_288,CA_1,0.5699999928474426,0.0,0.5699999928474426,-1.2,5.686172008514404,5.686172008514404,511.7554807662964,36.30052164684444
FOODS_2_135,TX_3,2.0,0.0,2.0,-1.2,1.6090717315673828,1.6090717315673828,144.81645584106445,36.043206787109376
FOODS_3_320,WI_1,1.9800000190734863,0.0,1.9800000190734863,-1.2,1.6171258687973022,1.6171258687973022,145.5413281917572,35.86138361190433
HOBBIES_1_178,CA_1,0.47999998927116394,0.0,0.47999998927116394,-1.2,6.660838603973389,6.660838603973389,599.475474357605,35.80866753457483
FOODS_3_278,WI_3,1.0,0.0,1.0,-1.2,3.1368768215179443,3.1368768215179443,282.318913936615,35.13302040100098
HOUSEHOLD_1_306,CA_4,1.9700000286102295,0.0,1.9700000286102295,-1.2,1.5911728143692017,1.5911728143692017,143.20555329322815,35.10763748610885
HOBBIES_1_048,CA_2,0.47999998927116394,0.0,0.47999998927116394,-1.2,6.415797710418701,6.415797710418701,577.4217939376831,34.49132772026967
HOUSEHOLD_1_114,TX_3,0.9700000286102295,0.0,0.9700000286102295,-1.2,3.1738104820251465,3.1738104820251465,285.6429433822632,34.48027809371979
HOBBIES_1_076,TX_3,3.430000066757202,0.0,3.430000066757202,-1.2,0.8841476440429688,0.8841476440429688,79.57328796386719,33.96541655461479
HOUSEHOLD_1_173,WI_3,0.9700000286102295,0.0,0.9700000286102295,-1.2,3.123671054840088,3.123671054840088,281.1303949356079,33.93556334071491
FOODS_1_036,WI_3,1.7799999713897705,0.0,1.7799999713897705,-1.2,1.6953126192092896,1.6953126192092896,152.57813572883606,33.79775183331963
HOUSEHOLD_1_028,TX_1,2.9700000286102295,0.0,2.9700000286102295,-1.2,0.998785674571991,0.998785674571991,89.89071071147919,33.22360699900817
FOODS_3_692,WI_3,0.800000011920929,0.0,0.800000011920929,-1.2,3.697493314743042,3.697493314743042,332.7743983268738,33.12954059376627
FOODS_1_042,WI_1,0.9399999976158142,0.0,0.9399999976158142,-1.2,3.138044595718384,3.138044595718384,282.42401361465454,33.037333419928316
FOODS_3_734,WI_1,1.7799999713897705,0.0,1.7799999713897705,-1.2,1.6394115686416626,1.6394115686416626,147.54704117774963,32.683308507116045
HOBBIES_1_404,WI_1,0.47999998927116394,0.0,0.47999998927116394,-1.2,6.051512718200684,6.051512718200684,544.6361446380615,32.532931645879174
FOODS_2_107,CA_2,2.0,0.0,2.0,-1.2,1.4355745315551758,1.4355745315551758,129.20170783996582,32.15686950683594
FOODS_3_034,WI_2,2.559999942779541,0.0,2.559999942779541,-1.2,1.1185585260391235,1.1185585260391235,100.67026734352112,32.07130934174411
FOODS_3_650,TX_2,2.9800000190734863,0.0,2.9800000190734863,-1.2,0.9501355290412903,0.9501355290412903,85.51219761371613,31.711723620252954
FOODS_1_040,CA_2,1.7799999713897705,0.0,1.7799999713897705,-1.2,1.564459204673767,1.564459204673767,140.80132842063904,31.18905820306941
FOODS_3_383,TX_2,1.25,0.0,1.25,-1.2,2.220869779586792,2.220869779586792,199.87828016281128,31.092176914215088
FOODS_3_603,CA_4,1.0,0.0,1.0,-1.2,2.75673508644104,2.75673508644104,248.1061577796936,30.87543296813965
FOODS_3_663,WI_1,1.7400000095367432,0.0,1.7400000095367432,-1.2,1.5767381191253662,1.5767381191253662,141.90643072128296,30.727472633928944
FOODS_3_071,WI_3,1.340000033378601,0.0,1.340000033378601,-1.2,2.0001282691955566,2.0001282691955566,180.0115442276001,30.01792581181553
FOODS_3_568,WI_2,1.0,0.0,1.0,-1.2,2.6764729022979736,2.6764729022979736,240.88256120681763,29.976496505737305
FOODS_3_133,CA_4,0.800000011920929,0.0,0.800000011920929,-1.2,3.210963726043701,3.210963726043701,288.9867353439331,28.77023541406147
HOBBIES_1_286,CA_1,0.699999988079071,0.0,0.699999988079071,-1.2,3.6629559993743896,3.6629559993743896,329.66603994369507,28.717574546037827
HOBBIES_1_370,CA_2,0.47999998927116394,0.0,0.47999998927116394,-1.2,5.2653632164001465,5.2653632164001465,473.8826894760132,28.30659201866554
HOBBIES_1_016,CA_2,0.699999988079071,0.0,0.699999988079071,-1.2,3.591996669769287,3.591996669769287,323.27970027923584,28.161253411407916
HOBBIES_1_295,CA_4,0.47999998927116394,0.0,0.47999998927116394,-1.2,5.189294338226318,5.189294338226318,467.03649044036865,27.8976457387437
HOUSEHOLD_1_114,WI_2,0.9700000286102295,0.0,0.9700000286102295,-1.2,2.498542070388794,2.498542070388794,224.86878633499146,27.144161853323112
HOBBIES_1_016,WI_1,0.699999988079071,0.0,0.699999988079071,-1.2,3.4355645179748535,3.4355645179748535,309.2008066177368,26.934825362225503
HOBBIES_1_288,CA_4,0.5699999928474426,0.0,0.5699999928474426,-1.2,4.150519371032715,4.150519371032715,373.54674339294434,26.49691533218038
HOBBIES_1_043,CA_4,0.699999988079071,0.0,0.699999988079071,-1.2,3.3613829612731934,3.3613829612731934,302.5244665145874,26.353241967588794
HOBBIES_1_189,CA_3,0.47999998927116394,0.0,0.47999998927116394,-1.2,4.8860931396484375,4.8860931396484375,439.7483825683594,26.26763613162257
FOODS_2_221,CA_3,1.0,0.0,1.0,-1.2,2.3421261310577393,2.3421261310577393,210.79135179519653,26.231812667846683
FOODS_3_176,CA_4,1.5,0.0,1.5,-1.2,1.547398328781128,1.547398328781128,139.2658495903015,25.996291923522953
FOODS_3_602,TX_1,2.680000066757202,0.0,2.680000066757202,-1.2,0.8659698367118835,0.8659698367118835,77.93728530406952,25.9929512662128
HOBBIES_1_295,WI_1,0.47999998927116394,0.0,0.47999998927116394,-1.2,4.81598424911499,4.81598424911499,433.4385824203491,25.890730744539248
HOBBIES_1_398,TX_1,0.5699999928474426,0.0,0.5699999928474426,-1.2,4.0522589683532715,4.0522589683532715,364.70330715179443,25.869620929346322
FOODS_1_139,TX_2,0.9800000190734863,0.0,0.9800000190734863,-1.2,2.324941396713257,2.324941396713257,209.24472570419312,25.518557266985773
FOODS_3_382,TX_2,1.9800000190734863,0.0,1.9800000190734863,-1.2,1.1427171230316162,1.1427171230316162,102.84454107284546,25.340895164459834
FOODS_2_199,WI_2,1.0,0.0,1.0,-1.2,2.193189859390259,2.193189859390259,197.3870873451233,24.5637264251709
HOBBIES_1_008,CA_4,0.47999998927116394,0.0,0.47999998927116394,-1.2,4.547458171844482,4.547458171844482,409.2712354660034,24.447134585399887
HOUSEHOLD_1_114,CA_1,0.9700000286102295,0.0,0.9700000286102295,-1.2,2.2484660148620605,2.2484660148620605,202.36194133758545,24.427335505947667
HOBBIES_1_353,TX_2,1.0800000429153442,0.0,1.0800000429153442,-1.2,2.007737874984741,2.007737874984741,180.6964087486267,24.285598300838362
FOODS_3_118,CA_1,1.1799999475479126,0.0,1.1799999475479126,-1.2,1.8279345035552979,1.8279345035552979,164.5141053199768,24.157981325142234
FOODS_2_221,WI_1,1.0,0.0,1.0,-1.2,2.1482388973236084,2.1482388973236084,193.34150075912476,24.060275650024415
HOBBIES_1_348,WI_1,0.47999998927116394,0.0,0.47999998927116394,-1.2,4.409461498260498,4.409461498260498,396.8515348434448,23.705264484794476
HOBBIES_1_019,CA_4,0.47999998927116394,0.0,0.47999998927116394,-1.2,4.40335750579834,4.40335750579834,396.3021755218506,23.67244942205139
HOBBIES_1_417,CA_4,0.5699999928474426,0.0,0.5699999928474426,-1.2,3.70727276802063,3.70727276802063,333.6545491218567,23.667229054059113
HOUSEHOLD_1_254,CA_4,0.9700000286102295,0.0,0.9700000286102295,-1.2,2.1387970447540283,2.1387970447540283,192.49173402786255,23.235891779552276
FOODS_3_580,CA_3,0.25,0.0,0.25,-1.2,8.276515007019043,8.276515007019043,744.8863506317139,23.17424201965332
HOBBIES_1_178,CA_4,0.47999998927116394,0.0,0.47999998927116394,-1.2,4.287550926208496,4.287550926208496,385.87958335876465,23.04987326409205
HOBBIES_1_370,TX_2,0.47999998927116394,0.0,0.47999998927116394,-1.2,4.229031085968018,4.229031085968018,380.6127977371216,22.735270609991154
FOODS_3_805,WI_1,1.0,0.0,1.0,-1.2,2.0266101360321045,2.0266101360321045,182.3949122428894,22.698033523559573
HOBBIES_1_131,TX_3,0.6800000071525574,0.0,0.6800000071525574,-1.2,2.922088146209717,2.922088146209717,262.9879331588745,22.254623555617716
HOBBIES_1_261,WI_1,0.47999998927116394,0.0,0.47999998927116394,-1.2,4.104233741760254,4.104233741760254,369.38103675842285,22.064360102526237
FOODS_3_007,TX_2,0.25,0.0,0.25,-1.2,7.680928707122803,7.680928707122803,691.2835836410522,21.506600379943848
HOBBIES_1_369,CA_4,1.0800000429153442,0.0,1.0800000429153442,-1.2,1.7531317472457886,1.7531317472457886,157.78185725212097,21.205882457331086
HOBBIES_1_115,TX_3,0.6800000071525574,0.0,0.6800000071525574,-1.2,2.6458609104156494,2.6458609104156494,238.12748193740845,20.150876905681912
HOUSEHOLD_2_213,TX_2,0.9300000071525574,0.0,0.9300000071525574,-1.2,1.9271776676177979,1.9271776676177979,173.4459900856018,20.073482740290572
HOBBIES_1_178,CA_2,0.47999998927116394,0.0,0.47999998927116394,-1.2,3.6648173332214355,3.6648173332214355,329.8335599899292,19.702057543023127
HOBBIES_1_370,WI_3,0.47999998927116394,0.0,0.47999998927116394,-1.2,3.598135232925415,3.598135232925415,323.83217096328735,19.34357457984444
FOODS_3_070,TX_2,0.25,0.0,0.25,-1.2,6.648733615875244,6.648733615875244,598.386025428772,18.616454124450684
FOODS_3_752,CA_1,0.25,0.0,0.25,-1.2,6.618252754211426,6.618252754211426,595.6427478790283,18.531107711791993
FOODS_3_752,WI_1,0.25,0.0,0.25,-1.2,6.409356594085693,6.409356594085693,576.8420934677124,17.94619846343994
HOBBIES_1_371,WI_3,0.47999998927116394,0.0,0.47999998927116394,-1.2,3.2292592525482178,3.2292592525482178,290.6333327293396,17.36049735366186
HOBBIES_1_178,TX_2,0.47999998927116394,0.0,0.47999998927116394,-1.2,3.1642096042633057,3.1642096042633057,284.7788643836975,17.01079045229873
HOUSEHOLD_2_213,WI_3,0.9300000071525574,0.0,0.9300000071525574,-1.2,1.5342382192611694,1.5342382192611694,138.08143973350525,15.980625414730083
HOBBIES_1_056,CA_4,0.9399999976158142,0.0,0.9399999976158142,-1.2,1.514901876449585,1.514901876449585,136.34116888046265,15.94888691480899
FOODS_3_351,TX_3,0.9399999976158142,0.0,0.9399999976158142,-1.2,1.4892090559005737,1.4892090559005737,134.02881503105164,15.678392900755071
HOBBIES_1_295,WI_3,0.47999998927116394,0.0,0.47999998927116394,-1.2,2.8945178985595703,2.8945178985595703,260.5066108703613,15.560927874842402
FOODS_1_145,TX_3,0.9800000190734863,0.0,0.9800000190734863,-1.2,1.3947504758834839,1.3947504758834839,125.52754282951355,15.308781521247967
HOBBIES_1_178,TX_1,0.47999998927116394,0.0,0.47999998927116394,-1.2,2.707571268081665,2.707571268081665,243.68141412734985,14.555902811857244
HOBBIES_1_189,TX_3,0.47999998927116394,0.0,0.47999998927116394,-1.2,2.512049913406372,2.512049913406372,226.0844922065735,13.504780032617294
FOODS_3_454,TX_2,0.25,0.0,0.25,-1.2,3.641242504119873,3.641242504119873,327.7118253707886,10.195479011535646
FOODS_3_711,CA_4,0.25,0.0,0.25,-1.2,3.054250717163086,3.054250717163086,274.88256454467773,8.551902008056642
FOODS_3_234,CA_4,0.25,0.0,0.25,-1.2,3.0436594486236572,3.0436594486236572,273.92935037612915,8.52224645614624
FOODS_3_007,CA_4,0.25,0.0,0.25,-1.2,1.6392652988433838,1.6392652988433838,147.53387689590454,4.589942836761475
